,Unnamed: 0,DATETIMEDATA,PM25,O3,WS,TEMP,RH,WD,stationID
0,0,2024-01-01 00:00:00,16.5,16.0,1,27.0,79,115,44t
1,1,2024-01-00,34.2,0.0,1,26.0,84,96,44t
3,3,2024-01-01 03:00:01 01:00:00,33.6,0.0,1,27.0,82,97,44t
2,2,2024-01-01 02:00:00,20.1,0.0,1,26.0,82,108,44t
4,4,2024-01-01 04:00:00,16.5,1.0,1,27.0,79,106,44t
5,5,2024-01-01 05:00:00,15.4,1.0,1,26.0,82,108,44t
6,6,2024-01-01 06:00:00,15.7,7.0,1,26.0,82,109,44t
7,7,2024-01-01 07:00:00,18.1,1.0,1,27.0,79,114,44t
8,8,2024-01-01 08:00:00,19.5,0.0,1,28.0,72,110,44t
9,9,2024-01-01 09:00:00,17.5,1.0,1,29.0,68,120,44t
10,10,2024-01-01 10:00:00,16.4,11.415652173913044,1,30.0,65,151,44t
11,11,2024-01-01 11:00:00,15.8,9.0,1,31.0,60,177,44t
12,12,2024-01-01 12:00:00,16.7,14.0,1,32.0,57,174,44t
13,13,2024-01-01 13:00:00,14.8,25.0,1,32.0,53,157,44t
14,14,2024-01-01 14:00:00,13.4,0.0,1,32.0,50,144,44t
15,15,2024-01-01 15:00:00,10.4,21.0,1,32.0,52,151,44t
16,16,2024-01-01 16:00:00,11.4,21.0,1,31.0,56,146,44t
17,17,2024-01-01 17:00:00,12.7,0.0,2,30.0,62,128,44t
18,18,2024-01-01 18:00:00,13.9,19.0,1,29.0,71,148,44t
19,19,2024-01-01 19:00:00,14.5,10.0,1,28.0,75,149,44t
20,20,2024-01-01 20:00:00,13.1,0.0,1,28.0,76,121,44t
21,21,2024-01-01 21:00:00,15.2,0.0,1,28.0,76,116,44t
22,22,2024-01-01 22:00:00,16.9,2.0,1,28.0,78,116,44t
23,23,2024-01-01 23:00:00,15.2,2.0,1,28.0,79,117,44t
24,24,2024-01-02 00:00:00,12.4,0.0,2,27.0,79,120,44t
25,25,2024-01-02 01:00:00,11.8,7.0,1,27.0,80,114,44t
26,26,2024-01-02 02:00:00,12.5,0.0,1,26.0,85,106,44t
27,27,2024-01-02 03:00:00,13.5,1.0,1,26.0,89,105,44t
28,28,2024-01-02 04:00:00,14.9,1.0,1,25.0,91,107,44t
29,29,2024-01-02 05:00:00,12.6,1.0,1,25.0,93,103,44t
30,30,2024-01-02 06:00:00,15.2,0.0,1,25.0,92,105,44t
31,31,2024-01-02 07:00:00,19.3,2.0,1,26.0,88,106,44t
32,32,2024-01-02 08:00:00,18.7,0.0,1,29.0,72,118,44t
33,33,2024-01-02 09:00:00,17.2,9.0,2,30.0,66,129,44t
34,34,2024-01-02 10:00:00,11.7,22.0,1,31.0,59,132,44t
35,35,2024-01-02 11:00:00,12.5,11.415652173913044,1,31.0,55,193,44t
36,36,2024-01-02 12:00:00,11.3,10.0,1,32.0,55,146,44t
37,37,2024-01-02 13:00:00,11.1,1.0,1,32.0,53,203,44t
38,38,2024-01-02 14:00:00,12.0,7.0,1,32.0,54,173,44t
39,39,2024-01-02 15:00:00,9.9,0.0,1,31.0,56,178,44t
40,40,2024-01-02 16:00:00,9.3,2.0,1,31.0,57,171,44t
41,41,2024-01-02 17:00:00,9.9,1.0,1,29.0,65,180,44t
42,42,2024-01-02 18:00:00,10.8,15.0,1,28.0,71,138,44t
43,43,2024-01-02 19:00:00,16.5,9.0,1,28.0,73,134,44t
44,44,2024-01-02 20:00:00,13.1,0.0,1,28.0,74,126,44t
45,45,2024-01-02 21:00:00,15.3,0.0,1,28.0,76,111,44t
46,46,2024-01-02 22:00:00,14.3,2.0,1,27.0,77,111,44t
47,47,2024-01-02 23:00:00,12.6,3.0,1,27.0,77,113,44t
48,48,2024-01-03 00:00:00,9.9,12.0,1,27.0,80,109,44t
49,49,2024-01-03 01:00:00,10.8,0.0,1,26.0,83,105,44t
50,50,2024-01-03 02:00:00,14.8,0.0,1,26.0,84,106,44t
51,51,2024-01-03 03:00:00,13.1,0.0,1,26.0,86,106,44t
52,52,2024-01-03 04:00:00,21.1,1.0,1,25.0,90,108,44t
53,53,2024-01-03 05:00:00,13.6,1.0,1,25.0,92,106,44t
54,54,2024-01-03 06:00:00,14.5,1.0,1,25.0,91,106,44t
55,55,2024-01-03 07:00:00,17.0,1.0,1,26.0,87,106,44t
56,56,2024-01-03 08:00:00,21.3,0.0,1,29.0,74,116,44t
57,57,2024-01-03 09:00:00,17.4,3.0,1,30.0,67,123,44t
58,58,2024-01-03 10:00:00,18.2,26.0,1,31.0,59,148,44t
59,59,2024-01-03 11:00:00,19.2,14.0,1,31.0,58,168,44t
60,60,2024-01-03 12:00:00,11.4,11.415652173913044,1,32.0,55,193,44t
61,61,2024-01-03 13:00:00,15.1,5.0,1,32.0,52,204,44t
62,62,2024-01-03 14:00:00,14.8,19.0,1,32.0,53,168,44t
63,63,2024-01-03 15:00:00,15.2,15.0,1,32.0,56,156,44t
64,64,2024-01-03 16:00:00,16.6,0.0,1,31.0,59,153,44t
65,65,2024-01-03 17:00:00,16.7,3.0,1,30.0,65,160,44t
66,66,2024-01-03 18:00:00,15.6,2.0,1,29.0,71,190,44t
67,67,2024-01-03 19:00:00,20.4,7.0,1,28.0,73,150,44t
68,68,2024-01-03 20:00:00,15.4,0.0,1,28.0,74,170,44t
69,69,2024-01-03 21:00:00,14.0,0.0,1,28.0,74,128,44t
70,70,2024-01-03 22:00:00,13.6,2.0,1,28.0,75,128,44t
71,71,2024-01-03 23:00:00,11.8,2.0,1,28.0,76,118,44t
72,72,2024-01-04 00:00:00,11.1,3.0,1,27.0,78,107,44t
73,73,2024-01-04 01:00:00,11.8,8.0,1,27.0,79,108,44t
74,74,2024-01-04 02:00:00,12.8,0.0,1,26.0,83,103,44t
75,75,2024-01-04 03:00:00,15.3,0.0,1,26.0,84,104,44t
76,76,2024-01-04 04:00:00,12.9,1.0,1,26.0,86,105,44t
77,77,2024-01-04 05:00:00,17.0,1.0,1,26.0,87,104,44t
78,78,2024-01-04 06:00:00,15.1,0.0,1,26.0,85,106,44t
79,79,2024-01-04 07:00:00,15.7,5.0,1,27.0,79,117,44t
80,80,2024-01-04 08:00:00,16.4,0.0,1,29.0,73,118,44t
81,81,2024-01-04 09:00:00,21.5,2.0,1,30.0,65,137,44t
82,82,2024-01-04 10:00:00,20.5,14.0,1,32.0,58,106,44t
83,83,2024-01-04 11:00:00,16.4,34.0,1,32.0,53,155,44t
84,84,2024-01-04 12:00:00,14.5,13.0,1,33.0,51,116,44t
85,85,2024-01-04 13:00:00,15.4,11.415652173913044,1,33.0,48,135,44t
86,86,2024-01-04 14:00:00,13.4,34.0,1,33.0,50,175,44t
87,87,2024-01-04 15:00:00,17.1,33.0,1,32.0,56,154,44t
88,88,2024-01-04 16:00:00,14.6,32.0,1,32.0,58,142,44t
89,89,2024-01-04 17:00:00,19.7,11.0,1,30.0,64,129,44t
90,90,2024-01-04 18:00:00,19.7,16.0,1,29.0,68,124,44t
91,91,2024-01-04 19:00:00,20.9,6.0,1,28.0,74,138,44t
92,92,2024-01-04 20:00:00,21.1,0.0,1,28.0,73,153,44t
93,93,2024-01-04 21:00:00,23.1,0.0,1,28.0,74,125,44t
94,94,2024-01-04 22:00:00,27.6,10.0,1,28.0,74,123,44t
95,95,2024-01-04 23:00:00,19.9,4.0,1,27.0,74,111,44t
96,96,2024-01-05 00:00:00,17.5,19.0,1,27.0,73,123,44t
97,97,2024-01-05 01:00:00,18.4,2.0,1,27.0,74,97,44t
98,98,2024-01-05 02:00:00,17.0,0.0,1,26.0,77,94,44t
99,99,2024-01-05 03:00:00,17.4,3.0,1,26.0,76,98,44t
100,100,2024-01-05 04:00:00,18.9,0.0,1,26.0,75,99,44t
101,101,2024-01-05 05:00:00,14.6,1.0,1,26.0,77,109,44t
102,102,2024-01-05 06:00:00,13.8,1.0,1,26.0,75,110,44t
103,103,2024-01-05 07:00:00,19.9,1.0,1,27.0,74,107,44t
104,104,2024-01-05 08:00:00,20.1,0.0,1,28.0,69,90,44t
105,105,2024-01-05 09:00:00,19.0,0.0,1,30.0,66,114,44t
106,106,2024-01-05 10:00:00,18.5,2.0,1,30.0,63,148,44t
107,107,2024-01-05 11:00:00,21.3,7.0,1,31.0,56,214,44t
108,108,2024-01-05 12:00:00,17.6,1.0,1,31.0,56,232,44t
109,109,2024-01-05 13:00:00,15.3,7.0,1,32.0,49,190,44t
110,110,2024-01-05 14:00:00,12.4,11.415652173913044,1,31.0,53,175,44t
111,111,2024-01-05 15:00:00,13.1,32.0,1,31.0,55,201,44t
112,112,2024-01-05 16:00:00,11.6,30.0,1,30.0,58,177,44t
113,113,2024-01-05 17:00:00,18.0,30.0,1,29.0,65,152,44t
114,114,2024-01-05 18:00:00,19.2,8.0,1,28.0,70,173,44t
115,115,2024-01-05 19:00:00,19.4,2.0,1,28.0,70,151,44t
116,116,2024-01-05 20:00:00,22.4,1.0,1,28.0,70,123,44t
117,117,2024-01-05 21:00:00,20.4,1.0,1,28.0,71,104,44t
118,118,2024-01-05 22:00:00,21.6,9.0,1,27.0,72,99,44t
119,119,2024-01-05 23:00:00,17.1,20.0,1,27.0,74,114,44t
120,120,2024-01-06 00:00:00,18.6,2.0,1,27.0,77,111,44t
121,121,2024-01-06 01:00:00,19.9,1.0,1,27.0,78,115,44t
122,122,2024-01-06 02:00:00,20.1,0.0,1,27.0,78,114,44t
123,123,2024-01-06 03:00:00,22.7,1.0,1,27.0,78,113,44t
124,124,2024-01-06 04:00:00,20.6,0.0,1,26.0,79,108,44t
125,125,2024-01-06 05:00:00,20.6,4.0,1,26.0,83,105,44t
126,126,2024-01-06 06:00:00,20.0,3.0,1,26.0,82,110,44t
127,127,2024-01-06 07:00:00,23.2,0.0,1,26.0,83,111,44t
128,128,2024-01-06 08:00:00,24.0,1.0,1,29.0,70,123,44t
129,129,2024-01-06 09:00:00,23.8,14.0,1,29.0,68,141,44t
130,130,2024-01-06 10:00:00,28.7,12.0,1,30.0,59,171,44t
131,131,2024-01-06 11:00:00,30.5,1.0,1,31.0,57,178,44t
132,132,2024-01-06 12:00:00,20.2,1.0,1,31.0,59,194,44t
133,133,2024-01-06 13:00:00,21.1,13.0,1,31.0,58,180,44t
134,134,2024-01-06 14:00:00,18.8,1.0,1,31.0,58,170,44t
135,135,2024-01-06 15:00:00,22.4,11.415652173913044,1,31.0,57,202,44t
136,136,2024-01-06 16:00:00,20.7,7.0,1,31.0,61,168,44t
137,137,2024-01-06 17:00:00,17.8,4.0,1,29.0,65,145,44t
138,138,2024-01-06 18:00:00,16.7,4.0,1,29.0,70,147,44t
139,139,2024-01-06 19:00:00,17.8,6.0,1,28.0,73,148,44t
140,140,2024-01-06 20:00:00,20.7,2.0,1,28.0,75,121,44t
141,141,2024-01-06 21:00:00,15.9,20.0,1,28.0,75,114,44t
142,142,2024-01-06 22:00:00,13.8,26.0,1,28.0,76,111,44t
143,143,2024-01-06 23:00:00,17.2,27.0,1,28.0,81,113,44t
144,144,2024-01-07 00:00:00,19.2,31.0,1,27.0,83,113,44t
145,145,2024-01-07 01:00:00,20.9,28.0,1,26.0,89,127,44t
146,146,2024-01-07 02:00:00,19.3,17.0,1,25.0,93,100,44t
147,147,2024-01-07 03:00:00,13.7,6.0,1,25.0,95,91,44t
148,148,2024-01-07 04:00:00,11.8,8.0,1,25.0,96,92,44t
149,149,2024-01-07 05:00:00,14.1,0.0,1,25.0,97,106,44t
150,150,2024-01-07 06:00:00,13.1,3.0,1,25.0,96,122,44t
151,151,2024-01-07 07:00:00,16.6,9.0,1,26.0,94,120,44t
152,152,2024-01-07 08:00:00,17.2,17.0,1,26.0,93,123,44t
153,153,2024-01-07 09:00:00,18.2,23.0,1,27.0,87,234,44t
154,154,2024-01-07 10:00:00,16.4,11.415652173913044,1,28.0,78,231,44t
155,155,2024-01-07 11:00:00,19.1,2.0,1,30.0,69,227,44t
156,156,2024-01-07 12:00:00,16.8,2.0,1,30.0,65,218,44t
157,157,2024-01-07 13:00:00,17.7,2.0,2,28.0,79,228,44t
158,158,2024-01-07 14:00:00,21.3,9.0,1,28.0,78,212,44t
159,159,2024-01-07 15:00:00,19.6,3.0,1,30.0,67,237,44t
160,160,2024-01-07 16:00:00,16.7,11.415652173913044,1,29.0,69,230,44t
161,161,2024-01-07 17:00:00,16.3,0.0,1,28.0,72,190,44t
162,162,2024-01-07 18:00:00,15.9,1.0,1,28.0,74,162,44t
163,163,2024-01-07 19:00:00,20.7,19.0,1,28.0,74,163,44t
164,164,2024-01-07 20:00:00,14.0,8.0,1,28.0,75,176,44t
165,165,2024-01-07 21:00:00,13.5,14.0,1,28.0,77,131,44t
166,166,2024-01-07 22:00:00,15.7,0.0,1,27.0,79,116,44t
167,167,2024-01-07 23:00:00,11.9,0.0,1,27.0,82,117,44t
168,168,2024-01-08 00:00:00,13.9,1.0,1,27.0,83,113,44t
169,169,2024-01-08 01:00:00,15.7,15.0,1,27.0,83,103,44t
170,170,2024-01-08 02:00:00,10.3,22.0,1,27.0,84,103,44t
171,171,2024-01-08 03:00:00,16.5,0.0,1,27.0,84,98,44t
172,172,2024-01-08 04:00:00,11.2,1.0,1,27.0,84,106,44t
173,173,2024-01-08 05:00:00,19.4,0.0,1,26.0,86,108,44t
174,174,2024-01-08 06:00:00,14.6,1.0,1,27.0,85,115,44t
175,175,2024-01-08 07:00:00,14.2,13.0,1,27.0,83,113,44t
176,176,2024-01-08 08:00:00,13.1,9.0,1,27.0,85,110,44t
177,177,2024-01-08 09:00:00,16.8,1.0,1,28.0,78,115,44t
178,178,2024-01-08 10:00:00,14.1,0.0,1,29.0,75,155,44t
179,179,2024-01-08 11:00:00,17.6904,0.0,1,30.0,68,166,44t
180,180,2024-01-08 12:00:00,16.5,4.0,1,30.0,65,211,44t
181,181,2024-01-08 13:00:00,13.8,5.0,1,31.0,65,201,44t
182,182,2024-01-08 14:00:00,16.2,2.0,1,31.0,62,214,44t
183,183,2024-01-08 15:00:00,16.9,0.0,1,31.0,63,182,44t
184,184,2024-01-08 16:00:00,14.6,0.0,1,30.0,67,190,44t
185,185,2024-01-08 17:00:00,15.5,11.415652173913044,1,29.0,72,178,44t
186,186,2024-01-08 18:00:00,16.7,6.0,1,28.0,79,188,44t
187,187,2024-01-08 19:00:00,14.5,5.0,1,28.0,78,173,44t
188,188,2024-01-08 20:00:00,15.2,1.0,1,28.0,78,170,44t
189,189,2024-01-08 21:00:00,13.3,1.0,1,28.0,78,181,44t
190,190,2024-01-08 22:00:00,15.9,0.0,1,27.0,79,133,44t
191,191,2024-01-08 23:00:00,11.2,0.0,1,27.0,80,120,44t
192,192,2024-01-09 00:00:00,13.2,2.0,1,27.0,81,115,44t
193,193,2024-01-09 01:00:00,13.5,14.0,1,27.0,81,106,44t
194,194,2024-01-09 02:00:00,14.9,11.0,1,27.0,82,109,44t
195,195,2024-01-09 03:00:00,13.8,1.0,1,27.0,80,112,44t
196,196,2024-01-09 04:00:00,13.3,1.0,1,26.0,82,110,44t
197,197,2024-01-09 05:00:00,14.9,3.0,1,27.0,82,112,44t
198,198,2024-01-09 06:00:00,11.7,0.0,1,26.0,87,109,44t
199,199,2024-01-09 07:00:00,18.0,4.0,1,26.0,90,111,44t
200,200,2024-01-09 08:00:00,20.4,6.0,1,28.0,79,154,44t
201,201,2024-01-09 09:00:00,12.6,21.0,1,29.0,74,195,44t
202,202,2024-01-09 10:00:00,9.9,22.0,1,30.0,68,134,44t
203,203,2024-01-09 11:00:00,13.9,22.0,1,31.0,63,164,44t
204,204,2024-01-09 12:00:00,19.5,0.0,1,31.0,64,149,44t
205,205,2024-01-09 13:00:00,17.5,1.0,1,31.0,64,198,44t
206,206,2024-01-09 14:00:00,11.7,8.0,1,30.0,65,182,44t
207,207,2024-01-09 15:00:00,12.5,1.0,1,31.0,64,166,44t
208,208,2024-01-09 16:00:00,12.8,0.0,2,30.0,69,133,44t
209,209,2024-01-09 17:00:00,14.7,4.0,2,29.0,71,133,44t
210,210,2024-01-09 18:00:00,15.7,11.415652173913044,1,29.0,75,124,44t
211,211,2024-01-09 19:00:00,18.6,8.0,1,28.0,77,120,44t
212,212,2024-01-09 20:00:00,17.8,6.0,1,28.0,80,110,44t
213,213,2024-01-09 21:00:00,13.2,14.0,1,28.0,82,109,44t
214,214,2024-01-09 22:00:00,15.5,22.0,1,28.0,79,129,44t
215,215,2024-01-09 23:00:00,11.0,16.0,2,28.0,78,128,44t
216,216,2024-01-10 00:00:00,20.3,3.0,1,28.0,79,122,44t
217,217,2024-01-10 01:00:00,13.7,12.0,1,27.0,79,123,44t
218,218,2024-01-10 02:00:00,15.7,1.0,1,27.0,80,116,44t
219,219,2024-01-10 03:00:00,12.4,0.0,1,27.0,84,109,44t
220,220,2024-01-10 04:00:00,13.9,0.0,1,26.0,87,107,44t
221,221,2024-01-10 05:00:00,13.7,0.0,1,26.0,89,107,44t
222,222,2024-01-10 06:00:00,16.8,5.0,1,26.0,90,106,44t
223,223,2024-01-10 07:00:00,21.0,2.0,1,27.0,84,114,44t
224,224,2024-01-10 08:00:00,19.0,0.0,1,28.0,78,123,44t
225,225,2024-01-10 09:00:00,13.9,0.0,1,29.0,71,131,44t
226,226,2024-01-10 10:00:00,16.6,0.0,1,31.0,63,162,44t
227,227,2024-01-10 11:00:00,10.5,2.0,1,31.0,60,143,44t
228,228,2024-01-10 12:00:00,12.5,11.0,1,32.0,57,168,44t
229,229,2024-01-10 13:00:00,10.8,4.0,1,32.0,54,171,44t
230,230,2024-01-10 14:00:00,13.2,10.0,1,32.0,55,163,44t
231,231,2024-01-10 15:00:00,10.9,8.0,1,32.0,57,170,44t
232,232,2024-01-10 16:00:00,8.9,6.0,1,31.0,61,163,44t
233,233,2024-01-10 17:00:00,9.1,9.0,1,29.0,68,188,44t
234,234,2024-01-10 18:00:00,15.8,6.0,1,28.0,73,190,44t
235,235,2024-01-10 19:00:00,16.7,11.415652173913044,1,28.0,75,190,44t
236,236,2024-01-10 20:00:00,16.0,6.0,1,28.0,76,163,44t
237,237,2024-01-10 21:00:00,12.4,0.0,1,28.0,76,129,44t
238,238,2024-01-10 22:00:00,17.5,0.0,1,28.0,77,134,44t
239,239,2024-01-10 23:00:00,15.6,2.0,1,28.0,78,119,44t
240,240,2024-01-11 00:00:00,16.0,2.0,1,27.0,79,118,44t
241,241,2024-01-11 01:00:00,12.2,0.0,1,27.0,80,110,44t
242,242,2024-01-11 02:00:00,13.7,5.0,1,27.0,81,105,44t
243,243,2024-01-11 03:00:00,11.1,0.0,1,27.0,83,102,44t
244,244,2024-01-11 04:00:00,13.2,0.0,1,26.0,86,99,44t
245,245,2024-01-11 05:00:00,15.9,3.0,1,26.0,87,102,44t
246,246,2024-01-11 06:00:00,18.1,5.0,1,26.0,86,104,44t
247,247,2024-01-11 07:00:00,16.7,2.0,1,27.0,85,107,44t
248,248,2024-01-11 08:00:00,25.5,2.0,1,29.0,73,114,44t
249,249,2024-01-11 09:00:00,16.8,0.0,1,30.0,62,146,44t
250,250,2024-01-11 10:00:00,13.8,0.0,1,31.0,58,141,44t
251,251,2024-01-11 11:00:00,11.9,7.0,1,32.0,56,150,44t
252,252,2024-01-11 12:00:00,17.0,2.0,1,32.0,54,143,44t
253,253,2024-01-11 13:00:00,17.0,2.0,1,32.0,53,138,44t
254,254,2024-01-11 14:00:00,13.2,14.0,1,32.0,54,166,44t
255,255,2024-01-11 15:00:00,11.1,2.0,1,31.0,59,204,44t
256,256,2024-01-11 16:00:00,9.7,1.0,1,30.0,63,199,44t
257,257,2024-01-11 17:00:00,14.8,20.0,1,29.0,69,139,44t
258,258,2024-01-11 18:00:00,20.0,9.0,1,28.0,72,145,44t
259,259,2024-01-11 19:00:00,18.3,7.0,1,28.0,74,171,44t
260,260,2024-01-11 20:00:00,16.7,11.415652173913044,1,28.0,74,137,44t
261,261,2024-01-11 21:00:00,13.6,0.0,1,28.0,74,134,44t
262,262,2024-01-11 22:00:00,14.9,0.0,1,28.0,75,131,44t
263,263,2024-01-11 23:00:00,13.1,12.0,1,27.0,78,101,44t
264,264,2024-01-12 00:00:00,13.5,2.0,1,27.0,79,106,44t
265,265,2024-01-12 01:00:00,20.2,11.0,1,27.0,79,97,44t
266,266,2024-01-12 02:00:00,14.7,9.0,1,26.0,83,106,44t
267,267,2024-01-12 03:00:00,13.0,6.0,1,26.0,86,110,44t
268,268,2024-01-12 04:00:00,13.7,3.0,1,25.0,87,106,44t
269,269,2024-01-12 05:00:00,16.9,0.0,1,25.0,89,106,44t
270,270,2024-01-12 06:00:00,27.1,0.0,1,25.0,90,109,44t
271,271,2024-01-12 07:00:00,30.5,1.0,1,25.0,88,109,44t
272,272,2024-01-12 08:00:00,22.6,1.0,1,28.0,75,122,44t
273,273,2024-01-12 09:00:00,18.3,2.0,1,29.0,65,160,44t
274,274,2024-01-12 10:00:00,12.5,3.0,1,31.0,57,138,44t
275,275,2024-01-12 11:00:00,13.9,5.0,1,31.0,57,141,44t
276,276,2024-01-12 12:00:00,14.5,13.0,1,32.0,54,174,44t
277,277,2024-01-12 13:00:00,15.7,8.0,1,32.0,51,137,44t
278,278,2024-01-12 14:00:00,18.4,27.0,1,32.0,51,143,44t
279,279,2024-01-12 15:00:00,16.5,29.0,1,31.0,55,165,44t
280,280,2024-01-12 16:00:00,18.9,28.0,1,30.0,61,141,44t
281,281,2024-01-12 17:00:00,15.8,28.0,1,29.0,66,141,44t
282,282,2024-01-12 18:00:00,22.6,13.0,1,28.0,70,142,44t
283,283,2024-01-12 19:00:00,26.8,3.0,1,28.0,73,145,44t
284,284,2024-01-12 20:00:00,23.4,3.0,1,28.0,74,119,44t
285,285,2024-01-12 21:00:00,23.8,11.415652173913044,1,27.0,74,115,44t
286,286,2024-01-12 22:00:00,22.1,0.0,1,27.0,75,103,44t
287,287,2024-01-12 23:00:00,24.5,24.0,1,27.0,76,96,44t
288,288,2024-01-13 00:00:00,21.0,3.0,1,27.0,77,101,44t
289,289,2024-01-13 01:00:00,19.9,11.0,1,26.0,78,98,44t
290,290,2024-01-13 02:00:00,20.1,6.0,1,26.0,80,96,44t
291,291,2024-01-13 03:00:00,17.0,1.0,1,26.0,80,99,44t
292,292,2024-01-13 04:00:00,19.3,3.0,1,26.0,79,96,44t
293,293,2024-01-13 05:00:00,15.8,18.0,1,26.0,80,96,44t
294,294,2024-01-13 06:00:00,16.9,7.0,1,26.0,78,98,44t
295,295,2024-01-13 07:00:00,16.9,13.0,1,26.0,77,95,44t
296,296,2024-01-13 08:00:00,21.5,14.0,1,28.0,68,116,44t
297,297,2024-01-13 09:00:00,15.5,33.0,1,29.0,63,115,44t
298,298,2024-01-13 10:00:00,19.2,39.0,1,30.0,56,112,44t
299,299,2024-01-13 11:00:00,25.4,40.0,1,31.0,50,144,44t
300,300,2024-01-13 12:00:00,23.4,0.0,1,32.0,47,170,44t
301,301,2024-01-13 13:00:00,21.9,31.0,1,32.0,48,168,44t
302,302,2024-01-13 14:00:00,15.9,6.0,1,32.0,50,156,44t
303,303,2024-01-13 15:00:00,17.7,1.0,1,31.0,55,146,44t
304,304,2024-01-13 16:00:00,22.6,1.0,1,31.0,54,142,44t
305,305,2024-01-13 17:00:00,22.1,1.0,1,30.0,60,144,44t
306,306,2024-01-13 18:00:00,21.2,9.0,1,28.0,67,121,44t
307,307,2024-01-13 19:00:00,24.7,3.0,1,28.0,71,115,44t
308,308,2024-01-13 20:00:00,24.3,1.0,1,27.0,74,113,44t
309,309,2024-01-13 21:00:00,24.8,1.0,1,27.0,75,109,44t
310,310,2024-01-13 22:00:00,27.4,11.415652173913044,1,27.0,75,111,44t
311,311,2024-01-13 23:00:00,23.7,4.0,1,26.0,78,108,44t
312,312,2024-01-14 00:00:00,28.3,9.0,1,26.0,79,109,44t
313,313,2024-01-14 01:00:00,23.5,11.415652173913044,1,26.0,82,107,44t
314,314,2024-01-14 02:00:00,22.1,140.0,1,25.0,85,107,44t
315,315,2024-01-14 03:00:00,22.7,94.0,1,25.0,85,110,44t
316,316,2024-01-14 04:00:00,28.4,1.0,1,25.0,86,106,44t
317,317,2024-01-14 05:00:00,31.4,1.0,1,25.0,85,106,44t
318,318,2024-01-14 06:00:00,21.4,0.0,1,25.0,86,105,44t
319,319,2024-01-14 07:00:00,29.5,10.0,1,26.0,78,112,44t
320,320,2024-01-14 08:00:00,19.5,1.0,1,28.0,70,129,44t
321,321,2024-01-14 09:00:00,22.3,1.0,1,29.0,65,114,44t
322,322,2024-01-14 10:00:00,21.2,6.0,1,30.0,60,129,44t
323,323,2024-01-14 11:00:00,25.6,0.0,1,31.0,52,140,44t
324,324,2024-01-14 12:00:00,27.9,19.0,1,32.0,48,158,44t
325,325,2024-01-14 13:00:00,24.6,18.0,1,31.0,52,167,44t
326,326,2024-01-14 14:00:00,20.1,43.0,1,31.0,52,191,44t
327,327,2024-01-14 15:00:00,17.6904,37.0,1,31.0,51,158,44t
328,328,2024-01-14 16:00:00,17.6904,30.0,1,30.0,56,183,44t
329,329,2024-01-14 17:00:00,19.2,1.0,1,29.0,60,153,44t
330,330,2024-01-14 18:00:00,20.1,2.0,1,28.0,63,135,44t
331,331,2024-01-14 19:00:00,22.7,0.0,1,27.0,68,114,44t
332,332,2024-01-14 20:00:00,31.5,1.0,1,27.0,69,118,44t
333,333,2024-01-14 21:00:00,22.8,1.0,1,27.0,70,117,44t
334,334,2024-01-14 22:00:00,19.7,2.0,1,27.0,71,116,44t
335,335,2024-01-14 23:00:00,13.9,11.415652173913044,1,27.0,71,117,44t
336,336,2024-01-15 00:00:00,13.7,11.0,2,27.0,74,119,44t
337,337,2024-01-15 01:00:00,15.9,25.0,1,27.0,75,113,44t
338,338,2024-01-15 02:00:00,14.1,22.0,1,26.0,78,106,44t
339,339,2024-01-15 03:00:00,12.7,25.0,1,26.0,79,116,44t
340,340,2024-01-15 04:00:00,13.7,25.0,1,27.0,75,117,44t
341,341,2024-01-15 05:00:00,24.9,2.0,1,27.0,76,117,44t
342,342,2024-01-15 06:00:00,21.3,5.0,1,27.0,78,109,44t
343,343,2024-01-15 07:00:00,18.8,3.0,1,27.0,75,118,44t
344,344,2024-01-15 08:00:00,18.2,3.0,1,28.0,70,114,44t
345,345,2024-01-15 09:00:00,13.6,13.0,1,30.0,62,142,44t
346,346,2024-01-15 10:00:00,15.7,9.0,1,30.0,59,207,44t
347,347,2024-01-15 11:00:00,19.3,4.0,1,31.0,55,219,44t
348,348,2024-01-15 12:00:00,18.5,2.0,1,32.0,54,197,44t
349,349,2024-01-15 13:00:00,14.9,2.0,1,32.0,49,166,44t
350,350,2024-01-15 14:00:00,12.1,6.0,1,32.0,51,172,44t
351,351,2024-01-15 15:00:00,16.8,22.0,1,32.0,50,154,44t
352,352,2024-01-15 16:00:00,16.2,5.0,1,31.0,54,189,44t
353,353,2024-01-15 17:00:00,15.5,1.0,1,30.0,60,143,44t
354,354,2024-01-15 18:00:00,16.2,1.0,1,28.0,68,138,44t
355,355,2024-01-15 19:00:00,11.7,10.0,1,28.0,72,130,44t
356,356,2024-01-15 20:00:00,17.7,1.0,1,28.0,73,133,44t
357,357,2024-01-15 21:00:00,15.1,10.0,1,28.0,73,134,44t
358,358,2024-01-15 22:00:00,20.2,36.0,1,28.0,73,142,44t
359,359,2024-01-15 23:00:00,18.3,16.0,1,28.0,73,123,44t
360,360,2024-01-16 00:00:00,20.1,11.415652173913044,1,27.0,77,109,44t
361,361,2024-01-16 01:00:00,19.8,25.0,1,26.0,82,106,44t
362,362,2024-01-16 02:00:00,17.2,29.0,1,26.0,85,107,44t
363,363,2024-01-16 03:00:00,16.1,26.0,1,26.0,88,105,44t
364,364,2024-01-16 04:00:00,19.9,18.0,1,26.0,89,104,44t
365,365,2024-01-16 05:00:00,22.5,5.0,1,26.0,90,104,44t
366,366,2024-01-16 06:00:00,24.7,22.0,1,26.0,87,103,44t
367,367,2024-01-16 07:00:00,19.8,1.0,1,26.0,89,107,44t
368,368,2024-01-16 08:00:00,24.9,0.0,1,28.0,74,140,44t
369,369,2024-01-16 09:00:00,14.0,1.0,1,30.0,68,169,44t
370,370,2024-01-16 10:00:00,27.3,3.0,1,30.0,62,208,44t
371,371,2024-01-16 11:00:00,19.9,1.0,1,31.0,60,216,44t
372,372,2024-01-16 12:00:00,15.4,7.0,1,32.0,58,218,44t
373,373,2024-01-16 13:00:00,12.4,26.0,1,32.0,55,178,44t
374,374,2024-01-16 14:00:00,10.2,27.0,1,31.0,57,148,44t
375,375,2024-01-16 15:00:00,9.1,29.0,1,31.0,61,199,44t
376,376,2024-01-16 16:00:00,11.2,30.0,1,30.0,63,172,44t
377,377,2024-01-16 17:00:00,17.3,0.0,1,29.0,67,152,44t
378,378,2024-01-16 18:00:00,17.9,3.0,1,29.0,71,132,44t
379,379,2024-01-16 19:00:00,19.4,4.0,1,28.0,73,137,44t
380,380,2024-01-16 20:00:00,23.9,1.0,1,28.0,74,121,44t
381,381,2024-01-16 21:00:00,26.9,20.0,1,28.0,75,123,44t
382,382,2024-01-16 22:00:00,23.9,13.0,1,28.0,79,130,44t
383,383,2024-01-16 23:00:00,23.3,24.0,1,27.0,79,127,44t
384,384,2024-01-17 00:00:00,25.9,20.0,1,28.0,76,162,44t
385,385,2024-01-17 01:00:00,23.6,11.415652173913044,1,27.0,73,146,44t
386,386,2024-01-17 02:00:00,13.7,30.0,1,27.0,73,134,44t
387,387,2024-01-17 03:00:00,10.7,28.0,1,27.0,73,145,44t
388,388,2024-01-17 04:00:00,12.8,27.0,1,27.0,72,129,44t
389,389,2024-01-17 05:00:00,19.0,7.0,1,27.0,74,108,44t
390,390,2024-01-17 06:00:00,15.6,15.0,1,27.0,79,132,44t
391,391,2024-01-17 07:00:00,12.6,0.0,1,27.0,75,164,44t
392,392,2024-01-17 08:00:00,13.9,0.0,1,28.0,70,176,44t
393,393,2024-01-17 09:00:00,16.4,1.0,1,29.0,69,167,44t
394,394,2024-01-17 10:00:00,16.0,3.0,1,30.0,61,177,44t
395,395,2024-01-17 11:00:00,17.9,15.0,1,31.0,58,190,44t
396,396,2024-01-17 12:00:00,17.7,1.0,1,31.0,57,187,44t
397,397,2024-01-17 13:00:00,11.0,28.0,1,32.0,54,182,44t
398,398,2024-01-17 14:00:00,13.7,23.0,1,32.0,53,192,44t
399,399,2024-01-17 15:00:00,15.5,6.0,1,31.0,56,223,44t
400,400,2024-01-17 16:00:00,19.3,14.0,1,30.0,58,181,44t
401,401,2024-01-17 17:00:00,18.5,11.0,1,29.0,62,158,44t
402,402,2024-01-17 18:00:00,18.7,3.0,1,28.0,69,158,44t
403,403,2024-01-17 19:00:00,20.3,2.0,1,28.0,72,159,44t
404,404,2024-01-17 20:00:00,14.2,1.0,1,28.0,73,143,44t
405,405,2024-01-17 21:00:00,14.7,3.0,1,28.0,70,182,44t
406,406,2024-01-17 22:00:00,16.6,9.0,1,28.0,70,183,44t
407,407,2024-01-17 23:00:00,15.4,15.0,1,27.0,71,145,44t
408,408,2024-01-18 00:00:00,13.9,11.0,1,27.0,72,126,44t
409,409,2024-01-18 01:00:00,11.6,29.0,1,27.0,73,117,44t
410,410,2024-01-18 02:00:00,9.9,11.415652173913044,1,27.0,75,119,44t
411,411,2024-01-18 03:00:00,10.7,28.0,1,27.0,75,129,44t
412,412,2024-01-18 04:00:00,14.4,8.0,1,27.0,75,137,44t
413,413,2024-01-18 05:00:00,22.5,18.0,1,27.0,76,141,44t
414,414,2024-01-18 06:00:00,16.2,9.0,1,27.0,77,156,44t
415,415,2024-01-18 07:00:00,12.9,0.0,1,27.0,74,197,44t
416,416,2024-01-18 08:00:00,17.3,11.415652173913044,1,26.670258620689655,0,0,44t
417,417,2024-01-18 09:00:00,16.7,11.415652173913044,1,26.670258620689655,0,0,44t
418,418,2024-01-18 10:00:00,14.3,11.415652173913044,1,26.670258620689655,0,0,44t
419,419,2024-01-18 11:00:00,13.7,11.415652173913044,1,26.670258620689655,0,0,44t
420,420,2024-01-18 12:00:00,13.7,11.415652173913044,1,26.670258620689655,0,0,44t
421,421,2024-01-18 13:00:00,13.6,11.415652173913044,1,26.670258620689655,0,0,44t
422,422,2024-01-18 14:00:00,15.9,11.415652173913044,1,26.670258620689655,0,0,44t
423,423,2024-01-18 15:00:00,15.7,11.415652173913044,1,26.670258620689655,0,0,44t
424,424,2024-01-18 16:00:00,17.4,11.415652173913044,1,26.670258620689655,0,0,44t
425,425,2024-01-18 17:00:00,20.5,11.415652173913044,1,26.670258620689655,0,0,44t
426,426,2024-01-18 18:00:00,16.4,11.415652173913044,1,26.670258620689655,0,0,44t
427,427,2024-01-18 19:00:00,18.4,11.415652173913044,1,26.670258620689655,0,0,44t
428,428,2024-01-18 20:00:00,18.2,11.415652173913044,1,26.670258620689655,0,0,44t
429,429,2024-01-18 21:00:00,18.2,11.415652173913044,1,26.670258620689655,0,0,44t
430,430,2024-01-18 22:00:00,18.4,11.415652173913044,1,26.670258620689655,0,0,44t
431,431,2024-01-18 23:00:00,9.6,11.415652173913044,1,26.670258620689655,0,0,44t
432,432,2024-01-19 00:00:00,15.5,11.415652173913044,1,26.670258620689655,0,0,44t
433,433,2024-01-19 01:00:00,15.5,11.415652173913044,1,26.670258620689655,0,0,44t
434,434,2024-01-19 02:00:00,11.2,11.415652173913044,1,26.670258620689655,0,0,44t
435,435,2024-01-19 03:00:00,13.8,11.415652173913044,1,26.670258620689655,0,0,44t
436,436,2024-01-19 04:00:00,17.6,11.415652173913044,1,26.670258620689655,0,0,44t
437,437,2024-01-19 05:00:00,25.0,11.415652173913044,1,26.670258620689655,0,0,44t
438,438,2024-01-19 06:00:00,25.0,11.415652173913044,1,26.670258620689655,0,0,44t
439,439,2024-01-19 07:00:00,18.2,11.415652173913044,1,26.670258620689655,0,0,44t
440,440,2024-01-19 08:00:00,17.3,11.415652173913044,1,26.670258620689655,0,0,44t
441,441,2024-01-19 09:00:00,17.5,11.415652173913044,1,26.670258620689655,0,0,44t
442,442,2024-01-19 10:00:00,21.7,11.415652173913044,1,26.670258620689655,0,0,44t
443,443,2024-01-19 11:00:00,17.6,11.415652173913044,1,26.670258620689655,0,0,44t
444,444,2024-01-19 12:00:00,14.3,7.0,1,31.0,56,182,44t
445,445,2024-01-19 13:00:00,13.6,32.0,1,32.0,55,176,44t
446,446,2024-01-19 14:00:00,10.2,16.0,1,32.0,52,161,44t
447,447,2024-01-19 15:00:00,17.7,4.0,1,32.0,54,172,44t
448,448,2024-01-19 16:00:00,16.5,6.0,1,30.0,60,209,44t
449,449,2024-01-19 17:00:00,15.7,11.415652173913044,1,26.670258620689655,0,0,44t
450,450,2024-01-19 18:00:00,20.5,11.415652173913044,1,26.670258620689655,0,0,44t
451,451,2024-01-19 19:00:00,18.7,11.415652173913044,1,26.670258620689655,0,0,44t
452,452,2024-01-19 20:00:00,19.2,11.415652173913044,1,26.670258620689655,0,0,44t
453,453,2024-01-19 21:00:00,20.1,11.415652173913044,1,26.670258620689655,0,0,44t
454,454,2024-01-19 22:00:00,20.9,11.415652173913044,1,26.670258620689655,0,0,44t
455,455,2024-01-19 23:00:00,17.3,11.415652173913044,1,26.670258620689655,0,0,44t
456,456,2024-01-20 00:00:00,18.9,11.415652173913044,1,26.670258620689655,0,0,44t
457,457,2024-01-20 01:00:00,11.8,11.415652173913044,1,26.670258620689655,0,0,44t
458,458,2024-01-20 02:00:00,11.6,11.415652173913044,1,26.670258620689655,0,0,44t
459,459,2024-01-20 03:00:00,12.9,11.415652173913044,1,26.670258620689655,0,0,44t
460,460,2024-01-20 04:00:00,26.9,11.415652173913044,1,26.670258620689655,0,0,44t
461,461,2024-01-20 05:00:00,29.1,11.415652173913044,1,26.670258620689655,0,0,44t
462,462,2024-01-20 06:00:00,28.0,11.415652173913044,1,26.670258620689655,0,0,44t
463,463,2024-01-20 07:00:00,31.5,11.415652173913044,1,26.670258620689655,0,0,44t
464,464,2024-01-20 08:00:00,34.4,11.415652173913044,1,26.670258620689655,0,0,44t
465,465,2024-01-20 09:00:00,22.9,11.415652173913044,1,26.670258620689655,0,0,44t
466,466,2024-01-20 10:00:00,21.7,11.415652173913044,1,26.670258620689655,0,0,44t
467,467,2024-01-20 11:00:00,17.1,11.415652173913044,1,26.670258620689655,0,0,44t
468,468,2024-01-20 12:00:00,16.3,11.415652173913044,1,26.670258620689655,0,0,44t
469,469,2024-01-20 13:00:00,13.6,11.415652173913044,1,26.670258620689655,0,0,44t
470,470,2024-01-20 14:00:00,15.7,11.415652173913044,1,26.670258620689655,0,0,44t
471,471,2024-01-20 15:00:00,22.4,11.415652173913044,1,26.670258620689655,0,0,44t
472,472,2024-01-20 16:00:00,20.0,11.415652173913044,1,26.670258620689655,0,0,44t
473,473,2024-01-20 17:00:00,22.7,11.415652173913044,1,26.670258620689655,0,0,44t
474,474,2024-01-20 18:00:00,25.4,11.415652173913044,1,26.670258620689655,0,0,44t
475,475,2024-01-20 19:00:00,23.8,11.415652173913044,1,26.670258620689655,0,0,44t
476,476,2024-01-20 20:00:00,28.3,11.415652173913044,1,26.670258620689655,0,0,44t
477,477,2024-01-20 21:00:00,33.9,11.415652173913044,1,26.670258620689655,0,0,44t
478,478,2024-01-20 22:00:00,25.8,11.415652173913044,1,26.670258620689655,0,0,44t
479,479,2024-01-20 23:00:00,25.7,11.415652173913044,1,26.670258620689655,0,0,44t
480,480,2024-01-21 00:00:00,24.1,11.415652173913044,1,26.670258620689655,0,0,44t
481,481,2024-01-21 01:00:00,19.8,11.415652173913044,1,26.670258620689655,0,0,44t
482,482,2024-01-21 02:00:00,20.2,11.415652173913044,1,26.670258620689655,0,0,44t
483,483,2024-01-21 03:00:00,26.8,11.415652173913044,1,26.670258620689655,0,0,44t
484,484,2024-01-21 04:00:00,31.7,11.415652173913044,1,26.670258620689655,0,0,44t
485,485,2024-01-21 05:00:00,36.8,11.415652173913044,1,26.670258620689655,0,0,44t
486,486,2024-01-21 06:00:00,35.1,11.415652173913044,1,26.670258620689655,0,0,44t
487,487,2024-01-21 07:00:00,34.3,11.415652173913044,1,26.670258620689655,0,0,44t
488,488,2024-01-21 08:00:00,38.4,11.415652173913044,1,26.670258620689655,0,0,44t
489,489,2024-01-21 09:00:00,33.2,11.415652173913044,1,26.670258620689655,0,0,44t
490,490,2024-01-21 10:00:00,17.6904,11.415652173913044,1,26.670258620689655,0,0,44t
491,491,2024-01-21 11:00:00,25.6,11.415652173913044,1,26.670258620689655,0,0,44t
492,492,2024-01-21 12:00:00,23.6,11.415652173913044,1,26.670258620689655,0,0,44t
493,493,2024-01-21 13:00:00,14.1,11.415652173913044,1,26.670258620689655,0,0,44t
494,494,2024-01-21 14:00:00,24.3,11.415652173913044,1,26.670258620689655,0,0,44t
495,495,2024-01-21 15:00:00,23.1,11.415652173913044,1,26.670258620689655,0,0,44t
496,496,2024-01-21 16:00:00,27.8,11.415652173913044,1,26.670258620689655,0,0,44t
497,497,2024-01-21 17:00:00,22.9,11.415652173913044,1,26.670258620689655,0,0,44t
498,498,2024-01-21 18:00:00,26.3,11.415652173913044,1,26.670258620689655,0,0,44t
499,499,2024-01-21 19:00:00,21.5,11.415652173913044,1,26.670258620689655,0,0,44t
500,500,2024-01-21 20:00:00,20.4,11.415652173913044,1,26.670258620689655,0,0,44t
501,501,2024-01-21 21:00:00,25.1,11.415652173913044,1,26.670258620689655,0,0,44t
502,502,2024-01-21 22:00:00,26.4,11.415652173913044,1,26.670258620689655,0,0,44t
503,503,2024-01-21 23:00:00,25.1,11.415652173913044,1,26.670258620689655,0,0,44t
504,504,2024-01-22 00:00:00,21.3,11.415652173913044,1,26.670258620689655,0,0,44t
505,505,2024-01-22 01:00:00,20.4,11.415652173913044,1,26.670258620689655,0,0,44t
506,506,2024-01-22 02:00:00,23.0,11.415652173913044,1,26.670258620689655,0,0,44t
507,507,2024-01-22 03:00:00,28.7,11.415652173913044,1,26.670258620689655,0,0,44t
508,508,2024-01-22 04:00:00,28.9,11.415652173913044,1,26.670258620689655,0,0,44t
509,509,2024-01-22 05:00:00,23.0,11.415652173913044,1,26.670258620689655,0,0,44t
510,510,2024-01-22 06:00:00,21.2,11.415652173913044,1,26.670258620689655,0,0,44t
511,511,2024-01-22 07:00:00,22.8,7.0,1,26.0,85,104,44t
512,512,2024-01-22 08:00:00,22.0,17.0,1,28.0,77,98,44t
513,513,2024-01-22 09:00:00,28.1,26.0,1,28.0,75,93,44t
514,514,2024-01-22 10:00:00,22.5,24.0,1,29.0,73,115,44t
515,515,2024-01-22 11:00:00,21.9,16.0,1,26.0,84,92,44t
516,516,2024-01-22 12:00:00,13.5,18.0,1,28.0,75,92,44t
517,517,2024-01-22 13:00:00,12.3,23.0,1,29.0,69,107,44t
518,518,2024-01-22 14:00:00,10.8,26.0,1,30.0,65,128,44t
519,519,2024-01-22 15:00:00,7.9,24.0,1,30.0,64,140,44t
520,520,2024-01-22 16:00:00,8.1,21.0,1,29.0,67,132,44t
521,521,2024-01-22 17:00:00,9.5,20.0,1,29.0,70,124,44t
522,522,2024-01-22 18:00:00,11.3,19.0,1,28.0,71,119,44t
523,523,2024-01-22 19:00:00,9.3,16.0,1,27.0,78,110,44t
524,524,2024-01-22 20:00:00,8.1,13.0,1,27.0,81,110,44t
525,525,2024-01-22 21:00:00,9.9,9.0,1,26.0,84,109,44t
526,526,2024-01-22 22:00:00,12.3,13.0,2,26.0,86,115,44t
527,527,2024-01-22 23:00:00,16.4,17.0,1,25.0,87,111,44t
528,528,2024-01-23 00:00:00,9.8,16.0,1,25.0,92,109,44t
529,529,2024-01-23 01:00:00,12.2,3.0,1,25.0,93,109,44t
530,530,2024-01-23 02:00:00,13.2,2.0,1,25.0,93,105,44t
531,531,2024-01-23 03:00:00,9.7,2.0,1,25.0,93,126,44t
532,532,2024-01-23 04:00:00,12.0,1.0,1,24.0,90,120,44t
533,533,2024-01-23 05:00:00,10.9,5.0,1,23.0,80,119,44t
534,534,2024-01-23 06:00:00,11.4,0.0,1,23.0,84,106,44t
535,535,2024-01-23 07:00:00,10.2,11.415652173913044,1,25.0,81,95,44t
536,536,2024-01-23 08:00:00,7.3,11.0,1,28.0,65,93,44t
537,537,2024-01-23 09:00:00,7.2,0.0,1,29.0,61,125,44t
538,538,2024-01-23 10:00:00,6.9,2.0,1,30.0,61,99,44t
539,539,2024-01-23 11:00:00,9.5,0.0,1,30.0,59,126,44t
540,540,2024-01-23 12:00:00,12.4,1.0,1,30.0,62,113,44t
541,541,2024-01-23 13:00:00,14.4,5.0,1,30.0,63,111,44t
542,542,2024-01-23 14:00:00,13.0,3.0,1,30.0,64,150,44t
543,543,2024-01-23 15:00:00,16.4,1.0,1,30.0,61,133,44t
544,544,2024-01-23 16:00:00,7.6,0.0,1,29.0,63,147,44t
545,545,2024-01-23 17:00:00,14.8,2.0,1,29.0,69,123,44t
546,546,2024-01-23 18:00:00,12.3,0.0,1,28.0,74,123,44t
547,547,2024-01-23 19:00:00,14.2,2.0,1,28.0,77,108,44t
548,548,2024-01-23 20:00:00,13.5,2.0,1,28.0,73,135,44t
549,549,2024-01-23 21:00:00,17.6,11.415652173913044,1,26.670258620689655,0,0,44t
550,550,2024-01-23 22:00:00,16.1,17.0,1,27.0,77,119,44t
551,551,2024-01-23 23:00:00,11.3,2.0,1,27.0,78,117,44t
552,552,2024-01-24 00:00:00,12.7,15.0,1,27.0,79,95,44t
553,553,2024-01-24 01:00:00,10.2,0.0,1,27.0,79,102,44t
554,554,2024-01-24 02:00:00,13.9,1.0,1,27.0,80,101,44t
555,555,2024-01-24 03:00:00,15.9,1.0,1,27.0,81,95,44t
556,556,2024-01-24 04:00:00,13.6,0.0,1,27.0,81,106,44t
557,557,2024-01-24 05:00:00,13.7,0.0,1,27.0,82,111,44t
558,558,2024-01-24 06:00:00,14.4,0.0,1,27.0,82,115,44t
559,559,2024-01-24 07:00:00,13.5,11.0,1,27.0,82,114,44t
560,560,2024-01-24 08:00:00,15.4,11.415652173913044,1,27.0,79,111,44t
561,561,2024-01-24 09:00:00,14.3,7.0,1,28.0,76,109,44t
562,562,2024-01-24 10:00:00,14.2,10.0,1,30.0,68,111,44t
563,563,2024-01-24 11:00:00,13.6,24.0,1,30.0,64,150,44t
564,564,2024-01-24 12:00:00,12.8,23.0,1,30.0,60,134,44t
565,565,2024-01-24 13:00:00,18.3,23.0,1,30.0,63,151,44t
566,566,2024-01-24 14:00:00,15.8,0.0,1,28.0,80,123,44t
567,567,2024-01-24 15:00:00,15.5,1.0,1,29.0,73,128,44t
568,568,2024-01-24 16:00:00,16.7,9.0,1,28.0,74,154,44t
569,569,2024-01-24 17:00:00,15.5,2.0,1,27.0,79,119,44t
570,570,2024-01-24 18:00:00,14.3,1.0,1,27.0,79,126,44t
571,571,2024-01-24 19:00:00,14.7,0.0,1,27.0,80,126,44t
572,572,2024-01-24 20:00:00,15.0,3.0,1,27.0,81,136,44t
573,573,2024-01-24 21:00:00,15.7,17.0,1,27.0,83,127,44t
574,574,2024-01-24 22:00:00,10.9,24.0,1,26.0,85,128,44t
575,575,2024-01-24 23:00:00,8.4,26.0,1,26.0,87,130,44t
576,576,2024-01-25 00:00:00,9.3,27.0,1,26.0,86,114,44t
577,577,2024-01-25 01:00:00,11.2,27.0,1,26.0,84,120,44t
578,578,2024-01-25 02:00:00,19.2,15.0,1,26.0,84,132,44t
579,579,2024-01-25 03:00:00,13.0,10.0,1,26.0,85,115,44t
580,580,2024-01-25 04:00:00,12.3,11.415652173913044,1,26.0,85,165,44t
581,581,2024-01-25 05:00:00,12.3,0.0,1,26.0,85,129,44t
582,582,2024-01-25 06:00:00,13.5,0.0,1,26.0,86,163,44t
583,583,2024-01-25 07:00:00,11.8,20.0,1,26.0,87,191,44t
584,584,2024-01-25 08:00:00,7.5,5.0,1,25.0,89,173,44t
585,585,2024-01-25 09:00:00,10.0,11.415652173913044,1,26.0,90,189,44t
586,586,2024-01-25 10:00:00,10.1,12.0,1,27.0,87,214,44t
587,587,2024-01-25 11:00:00,9.4,0.0,1,28.0,80,171,44t
588,588,2024-01-25 12:00:00,8.4,1.0,1,28.0,79,192,44t
589,589,2024-01-25 13:00:00,16.2,2.0,1,28.0,80,155,44t
590,590,2024-01-25 14:00:00,17.7,4.0,1,27.0,81,234,44t
591,591,2024-01-25 15:00:00,20.6,8.0,1,28.0,75,220,44t
592,592,2024-01-25 16:00:00,14.9,17.0,1,27.0,79,172,44t
593,593,2024-01-25 17:00:00,12.4,26.0,1,27.0,78,169,44t
594,594,2024-01-25 18:00:00,9.6,31.0,1,27.0,82,195,44t
595,595,2024-01-25 19:00:00,8.9,19.0,1,27.0,79,168,44t
596,596,2024-01-25 20:00:00,18.2,29.0,1,26.0,83,171,44t
597,597,2024-01-25 21:00:00,17.2,31.0,1,26.0,82,183,44t
598,598,2024-01-25 22:00:00,15.8,34.0,1,27.0,80,136,44t
599,599,2024-01-25 23:00:00,14.0,33.0,1,27.0,76,197,44t
600,600,2024-01-26 00:00:00,16.2,26.0,1,27.0,75,137,44t
601,601,2024-01-26 01:00:00,14.0,24.0,1,27.0,75,156,44t
602,602,2024-01-26 02:00:00,10.2,34.0,1,27.0,78,152,44t
603,603,2024-01-26 03:00:00,12.5,34.0,1,26.0,86,136,44t
604,604,2024-01-26 04:00:00,9.9,21.0,1,26.0,83,169,44t
605,605,2024-01-26 05:00:00,7.7,16.0,1,26.0,80,150,44t
606,606,2024-01-26 06:00:00,12.6,11.0,1,27.0,79,108,44t
607,607,2024-01-26 07:00:00,13.5,23.0,1,27.0,78,101,44t
608,608,2024-01-26 08:00:00,9.0,30.0,1,28.0,73,91,44t
609,609,2024-01-26 09:00:00,15.8,31.0,1,29.0,70,188,44t
610,610,2024-01-26 10:00:00,20.3,11.415652173913044,1,30.0,67,225,44t
611,611,2024-01-26 11:00:00,14.9,29.0,1,31.0,62,216,44t
612,612,2024-01-26 12:00:00,15.5,13.0,1,31.0,61,232,44t
613,613,2024-01-26 13:00:00,17.4,25.0,1,30.0,65,223,44t
614,614,2024-01-26 14:00:00,17.7,29.0,1,30.0,66,206,44t
615,615,2024-01-26 15:00:00,17.9,25.0,1,29.0,69,222,44t
616,616,2024-01-26 16:00:00,20.1,9.0,2,28.0,77,234,44t
617,617,2024-01-26 17:00:00,16.1,30.0,1,27.0,80,208,44t
618,618,2024-01-26 18:00:00,15.7,31.0,1,27.0,79,180,44t
619,619,2024-01-26 19:00:00,17.0,30.0,1,27.0,78,193,44t
620,620,2024-01-26 20:00:00,22.6,31.0,1,27.0,77,191,44t
621,621,2024-01-26 21:00:00,24.2,32.0,1,27.0,76,179,44t
622,622,2024-01-26 22:00:00,23.3,33.0,1,27.0,77,172,44t
623,623,2024-01-26 23:00:00,16.9,36.0,1,27.0,77,184,44t
624,624,2024-01-27 00:00:00,22.9,35.0,1,27.0,77,157,44t
625,625,2024-01-27 01:00:00,19.5,33.0,1,27.0,78,156,44t
626,626,2024-01-27 02:00:00,14.9,34.0,1,27.0,77,127,44t
627,627,2024-01-27 03:00:00,17.8,34.0,1,26.0,78,124,44t
628,628,2024-01-27 04:00:00,15.1,32.0,1,26.0,79,111,44t
629,629,2024-01-27 05:00:00,19.1,28.0,1,26.0,80,107,44t
630,630,2024-01-27 06:00:00,20.3,27.0,1,26.0,80,113,44t
631,631,2024-01-27 07:00:00,18.5,31.0,1,27.0,77,123,44t
632,632,2024-01-27 08:00:00,14.4,28.0,1,28.0,68,150,44t
633,633,2024-01-27 09:00:00,14.5,26.0,1,29.0,63,201,44t
634,634,2024-01-27 10:00:00,18.8,12.0,1,29.0,65,190,44t
635,635,2024-01-27 11:00:00,13.8,11.415652173913044,1,31.0,56,233,44t
636,636,2024-01-27 12:00:00,14.0,31.0,1,31.0,59,191,44t
637,637,2024-01-27 13:00:00,18.4,30.0,1,31.0,58,159,44t
638,638,2024-01-27 14:00:00,21.1,30.0,1,30.0,63,173,44t
639,639,2024-01-27 15:00:00,20.2,30.0,1,30.0,65,176,44t
640,640,2024-01-27 16:00:00,16.1,30.0,1,29.0,65,192,44t
641,641,2024-01-27 17:00:00,14.3,37.0,1,28.0,72,207,44t
642,642,2024-01-27 18:00:00,15.5,36.0,1,27.0,74,227,44t
643,643,2024-01-27 19:00:00,12.1,30.0,1,27.0,75,201,44t
644,644,2024-01-27 20:00:00,13.3,30.0,1,27.0,77,182,44t
645,645,2024-01-27 21:00:00,16.7,29.0,1,27.0,76,173,44t
646,646,2024-01-27 22:00:00,17.0,31.0,1,27.0,75,172,44t
647,647,2024-01-27 23:00:00,13.1,32.0,1,27.0,76,122,44t
648,648,2024-01-28 00:00:00,11.8,31.0,1,26.0,78,108,44t
649,649,2024-01-28 01:00:00,14.4,32.0,1,26.0,78,110,44t
650,650,2024-01-28 02:00:00,24.2,33.0,1,26.0,78,102,44t
651,651,2024-01-28 03:00:00,21.0,34.0,1,26.0,78,111,44t
652,652,2024-01-28 04:00:00,18.0,35.0,1,26.0,78,141,44t
653,653,2024-01-28 05:00:00,13.6,33.0,1,26.0,78,134,44t
654,654,2024-01-28 06:00:00,17.6,31.0,1,26.0,76,119,44t
655,655,2024-01-28 07:00:00,12.2,33.0,1,26.0,74,104,44t
656,656,2024-01-28 08:00:00,13.9,32.0,1,28.0,70,106,44t
657,657,2024-01-28 09:00:00,22.1,34.0,1,29.0,66,192,44t
658,658,2024-01-28 10:00:00,17.3,35.0,1,29.0,64,191,44t
659,659,2024-01-28 11:00:00,13.8,35.0,1,30.0,60,232,44t
660,660,2024-01-28 12:00:00,12.4,11.415652173913044,1,31.0,57,199,44t
661,661,2024-01-28 13:00:00,18.5,33.0,1,31.0,57,210,44t
662,662,2024-01-28 14:00:00,14.6,32.0,1,31.0,58,210,44t
663,663,2024-01-28 15:00:00,13.1,31.0,1,31.0,57,165,44t
664,664,2024-01-28 16:00:00,18.8,33.0,1,30.0,60,198,44t
665,665,2024-01-28 17:00:00,18.9,33.0,1,29.0,66,205,44t
666,666,2024-01-28 18:00:00,20.8,33.0,1,28.0,70,219,44t
667,667,2024-01-28 19:00:00,20.9,32.0,1,27.0,73,188,44t
668,668,2024-01-28 20:00:00,21.6,32.0,1,27.0,74,155,44t
669,669,2024-01-28 21:00:00,18.3,33.0,1,27.0,75,170,44t
670,670,2024-01-28 22:00:00,21.6,33.0,1,27.0,74,145,44t
671,671,2024-01-28 23:00:00,14.2,33.0,1,27.0,74,120,44t
672,672,2024-01-29 00:00:00,10.8,33.0,1,27.0,75,114,44t
673,673,2024-01-29 01:00:00,12.1,31.0,1,26.0,77,109,44t
674,674,2024-01-29 02:00:00,21.6,31.0,1,26.0,77,106,44t
675,675,2024-01-29 03:00:00,20.0,32.0,1,26.0,77,107,44t
676,676,2024-01-29 04:00:00,19.7,33.0,1,26.0,77,119,44t
677,677,2024-01-29 05:00:00,15.6,33.0,1,25.0,83,131,44t
678,678,2024-01-29 06:00:00,16.2,31.0,1,25.0,87,113,44t
679,679,2024-01-29 07:00:00,10.5,30.0,1,26.0,82,128,44t
680,680,2024-01-29 08:00:00,15.8,29.0,1,27.0,77,116,44t
681,681,2024-01-29 09:00:00,12.1,33.0,1,28.0,72,193,44t
682,682,2024-01-29 10:00:00,14.7,34.0,1,30.0,65,218,44t
683,683,2024-01-29 11:00:00,16.2,33.0,1,30.0,61,227,44t
684,684,2024-01-29 12:00:00,16.9,34.0,1,31.0,59,202,44t
685,685,2024-01-29 13:00:00,15.6,11.415652173913044,1,31.0,56,205,44t
686,686,2024-01-29 14:00:00,19.6,7.0,1,31.0,55,202,44t
687,687,2024-01-29 15:00:00,21.4,23.0,1,31.0,57,194,44t
688,688,2024-01-29 16:00:00,16.1,2.0,1,30.0,58,188,44t
689,689,2024-01-29 17:00:00,25.1,0.0,1,29.0,61,142,44t
690,690,2024-01-29 18:00:00,20.1,3.0,1,28.0,70,152,44t
691,691,2024-01-29 19:00:00,18.0,4.0,1,27.0,73,202,44t
692,692,2024-01-29 20:00:00,20.3,11.0,1,27.0,73,149,44t
693,693,2024-01-29 21:00:00,23.5,13.0,1,27.0,73,134,44t
694,694,2024-01-29 22:00:00,17.9,15.0,1,27.0,74,123,44t
695,695,2024-01-29 23:00:00,10.5,32.0,1,27.0,79,127,44t
696,696,2024-01-30 00:00:00,12.2,33.0,1,26.0,82,172,44t
697,697,2024-01-30 01:00:00,11.8,17.0,1,26.0,80,175,44t
698,698,2024-01-30 02:00:00,18.0,1.0,1,25.0,85,134,44t
699,699,2024-01-30 03:00:00,9.6,11.0,1,25.0,82,167,44t
700,700,2024-01-30 04:00:00,12.5,8.0,1,26.0,81,103,44t
701,701,2024-01-30 05:00:00,12.5,0.0,1,26.0,82,108,44t
702,702,2024-01-30 06:00:00,10.4,1.0,1,26.0,83,121,44t
703,703,2024-01-30 07:00:00,18.7,13.0,1,26.0,81,125,44t
704,704,2024-01-30 08:00:00,17.5,0.0,1,28.0,74,120,44t
705,705,2024-01-30 09:00:00,17.2,3.0,1,29.0,67,167,44t
706,706,2024-01-30 10:00:00,12.7,20.0,1,30.0,60,148,44t
707,707,2024-01-30 11:00:00,14.9,30.0,1,31.0,56,193,44t
708,708,2024-01-30 12:00:00,15.3,31.0,1,32.0,52,198,44t
709,709,2024-01-30 13:00:00,18.9,19.0,1,32.0,52,166,44t
710,710,2024-01-30 14:00:00,15.8,11.415652173913044,1,32.0,50,188,44t
711,711,2024-01-30 15:00:00,17.4,14.0,1,32.0,52,184,44t
712,712,2024-01-30 16:00:00,16.3,0.0,1,31.0,55,139,44t
713,713,2024-01-30 17:00:00,21.5,1.0,1,29.0,61,130,44t
714,714,2024-01-30 18:00:00,16.4,6.0,1,28.0,67,131,44t
715,715,2024-01-30 19:00:00,24.0,2.0,1,28.0,71,120,44t
716,716,2024-01-30 20:00:00,21.0,4.0,1,27.0,72,120,44t
717,717,2024-01-30 21:00:00,22.1,14.0,1,27.0,73,121,44t
718,718,2024-01-30 22:00:00,14.7,26.0,1,27.0,75,117,44t
719,719,2024-01-30 23:00:00,14.3,28.0,1,27.0,76,118,44t
720,720,2024-01-31 00:00:00,18.0,25.0,1,26.0,78,113,44t
721,721,2024-01-31 01:00:00,18.7,6.0,1,26.0,79,107,44t
722,722,2024-01-31 02:00:00,23.7,17.0,1,26.0,78,108,44t
723,723,2024-01-31 03:00:00,17.1,1.0,1,26.0,79,114,44t
724,724,2024-01-31 04:00:00,14.8,9.0,1,26.0,82,112,44t
725,725,2024-01-31 05:00:00,19.8,0.0,1,26.0,85,108,44t
726,726,2024-01-31 06:00:00,15.8,1.0,1,25.0,88,107,44t
727,727,2024-01-31 07:00:00,21.7,2.0,1,26.0,86,108,44t
728,728,2024-01-31 08:00:00,21.2,1.0,1,28.0,75,110,44t
729,729,2024-01-31 09:00:00,16.1,1.0,1,29.0,68,127,44t
730,730,2024-01-31 10:00:00,15.0,0.0,1,30.0,59,164,44t
731,731,2024-01-31 11:00:00,13.3,2.0,1,31.0,58,164,44t
732,732,2024-01-31 12:00:00,14.0,14.0,1,31.0,55,189,44t
733,733,2024-01-31 13:00:00,17.4,0.0,1,31.0,54,184,44t
734,734,2024-01-31 14:00:00,16.3,16.0,1,31.0,54,161,44t
735,735,2024-01-31 15:00:00,12.9,11.415652173913044,1,31.0,54,180,44t
736,736,2024-01-31 16:00:00,8.2,26.0,1,31.0,56,153,44t
737,737,2024-01-31 17:00:00,12.6,3.0,1,29.0,65,153,44t
738,738,2024-01-31 18:00:00,14.5,18.0,1,28.0,71,150,44t
739,739,2024-01-31 19:00:00,14.7,6.0,1,28.0,75,117,44t
740,740,2024-01-31 20:00:00,20.0,14.0,1,27.0,76,119,44t
741,741,2024-01-31 21:00:00,18.7,17.0,1,27.0,77,118,44t
742,742,2024-01-31 22:00:00,16.7,0.0,1,27.0,81,108,44t
743,743,2024-01-31 23:00:00,24.3,0.0,1,26.0,81,111,44t
744,744,2024-02-01 00:00:00,19.6,1.0,1,26.0,82,110,44t
745,745,2024-02-01 01:00:00,19.2,12.0,1,26.0,85,108,44t
746,746,2024-02-01 02:00:00,19.0,9.0,1,26.0,86,106,44t
747,747,2024-02-01 03:00:00,17.8,1.0,1,25.0,88,111,44t
748,748,2024-02-01 04:00:00,13.8,0.0,1,25.0,89,116,44t
749,749,2024-02-01 05:00:00,19.7,0.0,1,25.0,89,114,44t
750,750,2024-02-01 06:00:00,18.0,0.0,1,25.0,89,105,44t
751,751,2024-02-01 07:00:00,23.9,2.0,1,26.0,85,105,44t
752,752,2024-02-01 08:00:00,29.9,1.0,1,28.0,78,111,44t
753,753,2024-02-01 09:00:00,23.5,2.0,1,29.0,70,121,44t
754,754,2024-02-01 10:00:00,19.5,1.0,1,30.0,61,142,44t
755,755,2024-02-01 11:00:00,17.8,1.0,1,31.0,57,171,44t
756,756,2024-02-01 12:00:00,18.9,1.0,1,32.0,53,160,44t
757,757,2024-02-01 13:00:00,17.5,9.0,1,32.0,52,171,44t
758,758,2024-02-01 14:00:00,17.9,16.0,1,32.0,51,164,44t
759,759,2024-02-01 15:00:00,16.7,5.0,1,31.0,52,167,44t
760,760,2024-02-01 16:00:00,13.1,11.415652173913044,1,31.0,54,166,44t
761,761,2024-02-01 17:00:00,17.8,20.0,1,29.0,62,135,44t
762,762,2024-02-01 18:00:00,13.0,18.0,1,28.0,68,126,44t
763,763,2024-02-01 19:00:00,22.5,0.0,1,28.0,73,117,44t
764,764,2024-02-01 20:00:00,21.9,1.0,1,27.0,75,113,44t
765,765,2024-02-01 21:00:00,22.3,10.0,1,27.0,77,111,44t
766,766,2024-02-01 22:00:00,20.7,1.0,1,27.0,80,113,44t
767,767,2024-02-01 23:00:00,25.6,0.0,1,26.0,83,109,44t
768,768,2024-02-02 00:00:00,30.9,0.0,1,26.0,84,109,44t
769,769,2024-02-02 01:00:00,25.9,1.0,1,26.0,86,108,44t
770,770,2024-02-02 02:00:00,27.4,4.0,1,25.0,86,107,44t
771,771,2024-02-02 03:00:00,18.4,0.0,1,25.0,89,105,44t
772,772,2024-02-02 04:00:00,25.1,0.0,1,25.0,89,105,44t
773,773,2024-02-02 05:00:00,29.3,0.0,1,24.0,91,103,44t
774,774,2024-02-02 06:00:00,30.1,0.0,1,24.0,91,104,44t
775,775,2024-02-02 07:00:00,29.6,1.0,1,25.0,90,105,44t
776,776,2024-02-02 08:00:00,32.4,5.0,1,27.0,81,109,44t
777,777,2024-02-02 09:00:00,31.8,0.0,1,29.0,68,113,44t
778,778,2024-02-02 10:00:00,19.3,0.0,1,31.0,59,127,44t
779,779,2024-02-02 11:00:00,15.8,0.0,1,32.0,54,169,44t
780,780,2024-02-02 12:00:00,18.4,1.0,1,32.0,52,191,44t
781,781,2024-02-02 13:00:00,16.5,3.0,1,32.0,52,172,44t
782,782,2024-02-02 14:00:00,15.0,5.0,1,32.0,50,141,44t
783,783,2024-02-02 15:00:00,13.6,1.0,1,32.0,52,168,44t
784,784,2024-02-02 16:00:00,14.4,2.0,1,31.0,57,153,44t
785,785,2024-02-02 17:00:00,10.7,11.415652173913044,1,30.0,64,158,44t
786,786,2024-02-02 18:00:00,11.9,15.0,1,29.0,70,116,44t
787,787,2024-02-02 19:00:00,16.7,13.0,1,28.0,74,122,44t
788,788,2024-02-02 20:00:00,16.7,0.0,1,27.0,77,116,44t
789,789,2024-02-02 21:00:00,23.6,7.0,1,27.0,79,116,44t
790,790,2024-02-02 22:00:00,17.3,0.0,1,27.0,80,110,44t
791,791,2024-02-02 23:00:00,19.4,1.0,1,27.0,81,110,44t
792,792,2024-02-03 00:00:00,17.2,0.0,1,26.0,82,109,44t
793,793,2024-02-03 01:00:00,18.6,1.0,1,26.0,84,108,44t
794,794,2024-02-03 02:00:00,22.2,0.0,1,26.0,85,107,44t
795,795,2024-02-03 03:00:00,21.9,9.0,1,26.0,80,117,44t
796,796,2024-02-03 04:00:00,17.3,15.0,1,26.0,79,116,44t
797,797,2024-02-03 05:00:00,16.1,15.0,1,26.0,78,114,44t
798,798,2024-02-03 06:00:00,14.6,2.0,1,25.0,87,107,44t
799,799,2024-02-03 07:00:00,25.8,1.0,1,26.0,87,108,44t
800,800,2024-02-03 08:00:00,33.8,1.0,1,28.0,74,111,44t
801,801,2024-02-03 09:00:00,20.5,1.0,1,29.0,66,124,44t
802,802,2024-02-03 10:00:00,12.5,1.0,1,30.0,61,134,44t
803,803,2024-02-03 11:00:00,18.8,0.0,1,32.0,55,138,44t
804,804,2024-02-03 12:00:00,12.9,1.0,1,32.0,52,164,44t
805,805,2024-02-03 13:00:00,11.3,2.0,1,32.0,51,148,44t
806,806,2024-02-03 14:00:00,12.0,15.0,1,33.0,50,149,44t
807,807,2024-02-03 15:00:00,19.2,3.0,1,32.0,52,167,44t
808,808,2024-02-03 16:00:00,14.1,17.0,1,31.0,57,186,44t
809,809,2024-02-03 17:00:00,11.9,0.0,1,30.0,65,188,44t
810,810,2024-02-03 18:00:00,13.1,11.415652173913044,1,28.0,70,182,44t
811,811,2024-02-03 19:00:00,20.9,3.0,1,28.0,72,140,44t
812,812,2024-02-03 20:00:00,20.2,1.0,1,28.0,74,119,44t
813,813,2024-02-03 21:00:00,16.8,4.0,1,27.0,76,112,44t
814,814,2024-02-03 22:00:00,15.5,1.0,1,27.0,77,111,44t
815,815,2024-02-03 23:00:00,10.5,1.0,1,27.0,78,107,44t
816,816,2024-02-04 00:00:00,12.7,0.0,1,27.0,79,108,44t
817,817,2024-02-04 01:00:00,13.0,6.0,1,27.0,80,106,44t
818,818,2024-02-04 02:00:00,9.9,11.0,1,27.0,78,100,44t
819,819,2024-02-04 03:00:00,13.2,0.0,1,26.0,81,96,44t
820,820,2024-02-04 04:00:00,14.2,13.0,1,26.0,84,100,44t
821,821,2024-02-04 05:00:00,15.7,2.0,1,25.0,89,107,44t
822,822,2024-02-04 06:00:00,23.3,2.0,1,25.0,89,103,44t
823,823,2024-02-04 07:00:00,24.0,3.0,1,25.0,87,107,44t
824,824,2024-02-04 08:00:00,29.4,12.0,1,28.0,73,110,44t
825,825,2024-02-04 09:00:00,19.3,1.0,1,30.0,63,95,44t
826,826,2024-02-04 10:00:00,16.4,1.0,1,31.0,58,109,44t
827,827,2024-02-04 11:00:00,17.4,0.0,1,33.0,54,121,44t
828,828,2024-02-04 12:00:00,17.2,0.0,2,33.0,52,122,44t
829,829,2024-02-04 13:00:00,15.4,25.0,2,33.0,54,137,44t
830,830,2024-02-04 14:00:00,17.6,1.0,3,33.0,55,140,44t
831,831,2024-02-04 15:00:00,20.5,2.0,3,32.0,55,145,44t
832,832,2024-02-04 16:00:00,20.7,24.0,2,31.0,57,140,44t
833,833,2024-02-04 17:00:00,25.7,2.0,2,30.0,63,138,44t
834,834,2024-02-04 18:00:00,21.7,28.0,1,29.0,68,128,44t
835,835,2024-02-04 19:00:00,22.7,11.415652173913044,1,28.0,72,128,44t
836,836,2024-02-04 20:00:00,26.5,28.0,1,28.0,75,112,44t
837,837,2024-02-04 21:00:00,22.9,0.0,1,27.0,78,111,44t
838,838,2024-02-04 22:00:00,29.1,0.0,1,27.0,78,107,44t
839,839,2024-02-04 23:00:00,27.4,0.0,1,27.0,77,108,44t
840,840,2024-02-05 00:00:00,22.2,7.0,1,27.0,79,106,44t
841,841,2024-02-05 01:00:00,28.9,1.0,1,26.0,84,102,44t
842,842,2024-02-05 02:00:00,36.0,5.0,1,26.0,85,99,44t
843,843,2024-02-05 03:00:00,31.0,9.0,1,25.0,86,102,44t
844,844,2024-02-05 04:00:00,27.9,12.0,1,25.0,88,100,44t
845,845,2024-02-05 05:00:00,31.2,14.0,1,25.0,89,102,44t
846,846,2024-02-05 06:00:00,30.2,14.0,1,25.0,89,101,44t
847,847,2024-02-05 07:00:00,33.8,0.0,1,25.0,89,113,44t
848,848,2024-02-05 08:00:00,39.3,9.0,1,27.0,81,106,44t
849,849,2024-02-05 09:00:00,43.4,0.0,1,29.0,72,116,44t
850,850,2024-02-05 10:00:00,26.9,3.0,1,30.0,62,124,44t
851,851,2024-02-05 11:00:00,25.3,0.0,2,32.0,59,124,44t
852,852,2024-02-05 12:00:00,26.8,1.0,2,33.0,53,130,44t
853,853,2024-02-05 13:00:00,22.0,2.0,1,33.0,49,139,44t
854,854,2024-02-05 14:00:00,21.4,26.0,1,33.0,47,159,44t
855,855,2024-02-05 15:00:00,24.6,26.0,1,33.0,49,147,44t
856,856,2024-02-05 16:00:00,22.5,9.0,1,32.0,53,134,44t
857,857,2024-02-05 17:00:00,25.3,33.0,1,31.0,58,149,44t
858,858,2024-02-05 18:00:00,15.0,25.0,1,29.0,63,123,44t
859,859,2024-02-05 19:00:00,19.5,0.0,1,28.0,71,113,44t
860,860,2024-02-05 20:00:00,17.4,11.415652173913044,1,28.0,74,109,44t
861,861,2024-02-05 21:00:00,16.3,6.0,1,28.0,76,112,44t
862,862,2024-02-05 22:00:00,16.0,1.0,1,27.0,78,111,44t
863,863,2024-02-05 23:00:00,17.4,1.0,1,27.0,78,114,44t
864,864,2024-02-06 00:00:00,17.6904,8.0,1,27.0,76,119,44t
865,865,2024-02-06 01:00:00,17.6904,0.0,1,27.0,77,103,44t
866,866,2024-02-06 02:00:00,19.8,0.0,1,26.0,83,101,44t
867,867,2024-02-06 03:00:00,23.1,0.0,1,26.0,85,103,44t
868,868,2024-02-06 04:00:00,20.7,2.0,1,25.0,87,104,44t
869,869,2024-02-06 05:00:00,24.0,0.0,1,25.0,89,106,44t
870,870,2024-02-06 06:00:00,23.4,1.0,1,25.0,89,106,44t
871,871,2024-02-06 07:00:00,26.3,0.0,1,25.0,89,107,44t
872,872,2024-02-06 08:00:00,31.0,1.0,1,26.0,85,111,44t
873,873,2024-02-06 09:00:00,32.9,10.0,2,28.0,77,120,44t
874,874,2024-02-06 10:00:00,26.2,10.0,2,30.0,68,126,44t
875,875,2024-02-06 11:00:00,20.3,4.0,2,31.0,63,126,44t
876,876,2024-02-06 12:00:00,19.5,5.0,2,32.0,55,131,44t
877,877,2024-02-06 13:00:00,13.5,18.0,1,33.0,50,159,44t
878,878,2024-02-06 14:00:00,12.9,5.0,1,33.0,50,173,44t
879,879,2024-02-06 15:00:00,11.1,12.0,1,33.0,50,148,44t
880,880,2024-02-06 16:00:00,17.6904,5.0,1,32.0,53,166,44t
881,881,2024-02-06 17:00:00,17.6904,4.0,2,31.0,57,128,44t
882,882,2024-02-06 18:00:00,12.5,3.0,1,30.0,63,125,44t
883,883,2024-02-06 19:00:00,13.9,0.0,1,29.0,71,115,44t
884,884,2024-02-06 20:00:00,20.0,0.0,1,28.0,75,113,44t
885,885,2024-02-06 21:00:00,19.3,11.415652173913044,1,28.0,77,111,44t
886,886,2024-02-06 22:00:00,17.7,8.0,1,28.0,79,112,44t
887,887,2024-02-06 23:00:00,18.8,1.0,1,28.0,80,107,44t
888,888,2024-02-07 00:00:00,17.1,2.0,1,28.0,80,105,44t
889,889,2024-02-07 01:00:00,13.3,5.0,1,27.0,83,105,44t
890,890,2024-02-07 02:00:00,18.8,2.0,1,26.0,86,103,44t
891,891,2024-02-07 03:00:00,22.5,6.0,1,26.0,85,94,44t
892,892,2024-02-07 04:00:00,18.2,2.0,1,26.0,86,95,44t
893,893,2024-02-07 05:00:00,27.0,1.0,1,26.0,88,101,44t
894,894,2024-02-07 06:00:00,31.5,0.0,1,25.0,89,99,44t
895,895,2024-02-07 07:00:00,24.8,0.0,1,26.0,85,100,44t
896,896,2024-02-07 08:00:00,28.4,0.0,1,28.0,74,119,44t
897,897,2024-02-07 09:00:00,22.3,11.0,1,30.0,65,122,44t
898,898,2024-02-07 10:00:00,22.5,0.0,1,31.0,57,120,44t
899,899,2024-02-07 11:00:00,20.3,8.0,2,33.0,49,136,44t
900,900,2024-02-07 12:00:00,16.9,11.0,1,33.0,45,165,44t
901,901,2024-02-07 13:00:00,16.7,25.0,1,33.0,45,160,44t
902,902,2024-02-07 14:00:00,14.9,25.0,1,33.0,44,137,44t
903,903,2024-02-07 15:00:00,20.5,21.0,1,33.0,46,153,44t
904,904,2024-02-07 16:00:00,15.6,0.0,1,32.0,48,175,44t
905,905,2024-02-07 17:00:00,18.5,4.0,2,30.0,58,134,44t
906,906,2024-02-07 18:00:00,20.0,7.0,2,29.0,67,126,44t
907,907,2024-02-07 19:00:00,23.1,0.0,1,29.0,71,115,44t
908,908,2024-02-07 20:00:00,20.3,1.0,1,28.0,71,109,44t
909,909,2024-02-07 21:00:00,21.1,0.0,1,28.0,72,111,44t
910,910,2024-02-07 22:00:00,20.9,11.415652173913044,1,27.0,75,111,44t
911,911,2024-02-07 23:00:00,20.4,12.0,1,27.0,77,110,44t
912,912,2024-02-08 00:00:00,20.8,1.0,1,27.0,79,105,44t
913,913,2024-02-08 01:00:00,17.0,8.0,1,27.0,81,100,44t
914,914,2024-02-08 02:00:00,16.2,4.0,1,26.0,82,95,44t
915,915,2024-02-08 03:00:00,25.8,4.0,1,26.0,85,96,44t
916,916,2024-02-08 04:00:00,27.2,2.0,1,26.0,85,94,44t
917,917,2024-02-08 05:00:00,31.1,0.0,1,25.0,86,100,44t
918,918,2024-02-08 06:00:00,29.7,1.0,1,25.0,87,100,44t
919,919,2024-02-08 07:00:00,27.8,0.0,1,26.0,87,107,44t
920,920,2024-02-08 08:00:00,37.5,0.0,1,28.0,75,102,44t
921,921,2024-02-08 09:00:00,34.1,1.0,1,30.0,63,102,44t
922,922,2024-02-08 10:00:00,22.6,1.0,1,32.0,55,118,44t
923,923,2024-02-08 11:00:00,18.8,10.0,2,33.0,52,123,44t
924,924,2024-02-08 12:00:00,15.3,19.0,1,34.0,44,141,44t
925,925,2024-02-08 13:00:00,13.9,20.0,1,34.0,46,163,44t
926,926,2024-02-08 14:00:00,11.4,20.0,1,33.0,46,152,44t
927,927,2024-02-08 15:00:00,14.8,4.0,2,33.0,46,149,44t
928,928,2024-02-08 16:00:00,15.2,13.0,2,32.0,52,137,44t
929,929,2024-02-08 17:00:00,14.1,3.0,2,31.0,59,141,44t
930,930,2024-02-08 18:00:00,18.2,7.0,1,29.0,67,137,44t
931,931,2024-02-08 19:00:00,15.7,0.0,1,29.0,72,119,44t
932,932,2024-02-08 20:00:00,16.4,1.0,1,28.0,74,114,44t
933,933,2024-02-08 21:00:00,18.1,0.0,1,28.0,76,112,44t
934,934,2024-02-08 22:00:00,18.9,3.0,1,28.0,77,109,44t
935,935,2024-02-08 23:00:00,24.4,11.415652173913044,1,28.0,77,107,44t
936,936,2024-02-09 00:00:00,20.9,10.0,1,27.0,76,103,44t
937,937,2024-02-09 01:00:00,13.3,2.0,1,27.0,81,101,44t
938,938,2024-02-09 02:00:00,18.8,3.0,1,27.0,83,104,44t
939,939,2024-02-09 03:00:00,18.1,6.0,1,27.0,83,101,44t
940,940,2024-02-09 04:00:00,24.1,1.0,1,26.0,84,103,44t
941,941,2024-02-09 05:00:00,28.6,2.0,1,26.0,87,105,44t
942,942,2024-02-09 06:00:00,31.8,0.0,1,26.0,87,100,44t
943,943,2024-02-09 07:00:00,27.5,0.0,1,26.0,83,103,44t
944,944,2024-02-09 08:00:00,31.5,1.0,1,29.0,72,115,44t
945,945,2024-02-09 09:00:00,20.7,5.0,1,30.0,67,123,44t
946,946,2024-02-09 10:00:00,24.7,6.0,1,31.0,63,133,44t
947,947,2024-02-09 11:00:00,28.8,0.0,1,32.0,56,136,44t
948,948,2024-02-09 12:00:00,27.4,3.0,1,33.0,51,137,44t
949,949,2024-02-09 13:00:00,28.6,26.0,1,33.0,50,170,44t
950,950,2024-02-09 14:00:00,28.5,17.0,1,33.0,50,200,44t
951,951,2024-02-09 15:00:00,28.4,11.0,1,33.0,49,166,44t
952,952,2024-02-09 16:00:00,17.6904,21.0,1,32.0,53,154,44t
953,953,2024-02-09 17:00:00,23.8,4.0,1,30.0,56,175,44t
954,954,2024-02-09 18:00:00,18.1,21.0,1,29.0,64,131,44t
955,955,2024-02-09 19:00:00,16.4,19.0,1,28.0,66,203,44t
956,956,2024-02-09 20:00:00,19.2,1.0,1,28.0,67,172,44t
957,957,2024-02-09 21:00:00,16.9,1.0,1,28.0,67,140,44t
958,958,2024-02-09 22:00:00,18.3,7.0,1,28.0,69,119,44t
959,959,2024-02-09 23:00:00,19.4,0.0,1,28.0,70,112,44t
960,960,2024-02-10 00:00:00,16.2,11.415652173913044,1,27.0,70,105,44t
961,961,2024-02-10 01:00:00,16.2,2.0,1,27.0,71,101,44t
962,962,2024-02-10 02:00:00,15.1,11.0,1,26.0,73,95,44t
963,963,2024-02-10 03:00:00,18.2,1.0,1,26.0,76,98,44t
964,964,2024-02-10 04:00:00,18.5,3.0,1,26.0,79,97,44t
965,965,2024-02-10 05:00:00,22.3,16.0,1,26.0,76,105,44t
966,966,2024-02-10 06:00:00,21.4,5.0,1,25.0,84,103,44t
967,967,2024-02-10 07:00:00,22.2,6.0,1,26.0,80,107,44t
968,968,2024-02-10 08:00:00,25.1,1.0,1,28.0,70,105,44t
969,969,2024-02-10 09:00:00,21.4,0.0,1,29.0,65,125,44t
970,970,2024-02-10 10:00:00,24.8,11.0,1,31.0,58,159,44t
971,971,2024-02-10 11:00:00,17.7,3.0,1,32.0,55,184,44t
972,972,2024-02-10 12:00:00,15.6,0.0,1,32.0,52,231,44t
973,973,2024-02-10 13:00:00,17.3,1.0,1,33.0,51,216,44t
974,974,2024-02-10 14:00:00,14.9,5.0,1,33.0,50,220,44t
975,975,2024-02-10 15:00:00,15.9,16.0,1,33.0,51,195,44t
976,976,2024-02-10 16:00:00,17.6,9.0,1,32.0,54,203,44t
977,977,2024-02-10 17:00:00,20.9,14.0,1,31.0,57,168,44t
978,978,2024-02-10 18:00:00,17.0,25.0,1,29.0,64,200,44t
979,979,2024-02-10 19:00:00,18.1,24.0,1,29.0,65,159,44t
980,980,2024-02-10 20:00:00,26.2,0.0,1,29.0,65,132,44t
981,981,2024-02-10 21:00:00,25.1,11.0,1,28.0,65,136,44t
982,982,2024-02-10 22:00:00,24.6,2.0,1,28.0,67,106,44t
983,983,2024-02-10 23:00:00,25.0,1.0,1,28.0,69,96,44t
984,984,2024-02-11 00:00:00,22.7,0.0,1,28.0,71,110,44t
985,985,2024-02-11 01:00:00,24.4,11.415652173913044,1,27.0,71,107,44t
986,986,2024-02-11 02:00:00,22.5,0.0,1,28.0,68,121,44t
987,987,2024-02-11 03:00:00,21.0,2.0,1,27.0,67,110,44t
988,988,2024-02-11 04:00:00,18.9,24.0,1,27.0,72,92,44t
989,989,2024-02-11 05:00:00,16.2,35.0,1,27.0,71,81,44t
990,990,2024-02-11 06:00:00,15.4,36.0,1,27.0,71,85,44t
991,991,2024-02-11 07:00:00,19.0,23.0,1,27.0,67,86,44t
992,992,2024-02-11 08:00:00,22.2,10.0,1,28.0,64,121,44t
993,993,2024-02-11 09:00:00,21.7,4.0,1,29.0,60,139,44t
994,994,2024-02-11 10:00:00,25.1,4.0,1,30.0,56,222,44t
995,995,2024-02-11 11:00:00,18.2,2.0,1,31.0,53,228,44t
996,996,2024-02-11 12:00:00,18.2,1.0,2,32.0,48,239,44t
997,997,2024-02-11 13:00:00,16.8,11.0,2,32.0,47,245,44t
998,998,2024-02-11 14:00:00,17.7,21.0,2,32.0,46,238,44t
999,999,2024-02-11 15:00:00,19.5,10.0,1,32.0,50,219,44t
1000,1000,2024-02-11 16:00:00,21.5,34.0,1,31.0,52,235,44t
1001,1001,2024-02-11 17:00:00,19.3,34.0,1,30.0,57,218,44t
1002,1002,2024-02-11 18:00:00,17.2,34.0,1,29.0,62,171,44t
1003,1003,2024-02-11 19:00:00,18.8,25.0,1,28.0,63,160,44t
1004,1004,2024-02-11 20:00:00,17.6904,11.415652173913044,1,28.0,63,141,44t
1005,1005,2024-02-11 21:00:00,17.6904,3.0,1,28.0,63,146,44t
1006,1006,2024-02-11 22:00:00,20.2,2.0,1,28.0,64,128,44t
1007,1007,2024-02-11 23:00:00,24.0,1.0,1,28.0,67,110,44t
1008,1008,2024-02-12 00:00:00,20.7,23.0,1,27.0,68,112,44t
1009,1009,2024-02-12 01:00:00,22.2,4.0,1,27.0,70,92,44t
1010,1010,2024-02-12 02:00:00,22.6,11.415652173913044,1,27.0,70,88,44t
1011,1011,2024-02-12 03:00:00,21.5,41.0,1,27.0,70,109,44t
1012,1012,2024-02-12 04:00:00,18.7,41.0,1,27.0,71,93,44t
1013,1013,2024-02-12 05:00:00,20.6,41.0,1,26.0,72,106,44t
1014,1014,2024-02-12 06:00:00,21.4,28.0,1,26.0,72,103,44t
1015,1015,2024-02-12 07:00:00,25.9,4.0,1,27.0,70,75,44t
1016,1016,2024-02-12 08:00:00,27.8,2.0,1,28.0,69,101,44t
1017,1017,2024-02-12 09:00:00,24.5,9.0,1,29.0,65,136,44t
1018,1018,2024-02-12 10:00:00,19.3,2.0,1,30.0,56,230,44t
1019,1019,2024-02-12 11:00:00,21.9,1.0,1,31.0,52,225,44t
1020,1020,2024-02-12 12:00:00,22.8,16.0,1,32.0,49,225,44t
1021,1021,2024-02-12 13:00:00,20.8,1.0,1,32.0,47,226,44t
1022,1022,2024-02-12 14:00:00,19.3,1.0,2,32.0,48,241,44t
1023,1023,2024-02-12 15:00:00,19.7,8.0,2,31.0,49,241,44t
1024,1024,2024-02-12 16:00:00,17.1,15.0,1,31.0,52,205,44t
1025,1025,2024-02-12 17:00:00,22.2,0.0,1,30.0,57,230,44t
1026,1026,2024-02-12 18:00:00,20.7,30.0,1,28.0,63,198,44t
1027,1027,2024-02-12 19:00:00,22.2,4.0,1,28.0,65,205,44t
1028,1028,2024-02-12 20:00:00,20.5,14.0,1,28.0,67,193,44t
1029,1029,2024-02-12 21:00:00,20.2,3.0,1,28.0,69,207,44t
1030,1030,2024-02-12 22:00:00,21.1,4.0,1,27.0,70,170,44t
1031,1031,2024-02-12 23:00:00,22.5,6.0,2,27.0,71,211,44t
1032,1032,2024-02-13 00:00:00,25.1,16.0,1,27.0,72,215,44t
1033,1033,2024-02-13 01:00:00,22.3,1.0,1,27.0,70,214,44t
1034,1034,2024-02-13 02:00:00,16.2,16.0,1,27.0,67,201,44t
1035,1035,2024-02-13 03:00:00,19.2,11.415652173913044,1,27.0,68,123,44t
1036,1036,2024-02-13 04:00:00,16.5,40.0,1,27.0,73,104,44t
1037,1037,2024-02-13 05:00:00,17.3,41.0,1,27.0,73,115,44t
1038,1038,2024-02-13 06:00:00,20.0,39.0,1,26.0,75,115,44t
1039,1039,2024-02-13 07:00:00,25.8,13.0,1,27.0,75,124,44t
1040,1040,2024-02-13 08:00:00,22.2,4.0,1,28.0,70,105,44t
1041,1041,2024-02-13 09:00:00,22.3,5.0,1,29.0,66,140,44t
1042,1042,2024-02-13 10:00:00,18.0,2.0,1,30.0,60,148,44t
1043,1043,2024-02-13 11:00:00,21.1,0.0,1,31.0,53,176,44t
1044,1044,2024-02-13 12:00:00,21.2,23.0,1,32.0,51,209,44t
1045,1045,2024-02-13 13:00:00,20.2,10.0,1,32.0,52,204,44t
1046,1046,2024-02-13 14:00:00,19.0,8.0,1,32.0,52,196,44t
1047,1047,2024-02-13 15:00:00,15.3,23.0,1,31.0,56,172,44t
1048,1048,2024-02-13 16:00:00,18.0,33.0,1,30.0,58,210,44t
1049,1049,2024-02-13 17:00:00,19.5,31.0,1,29.0,60,175,44t
1050,1050,2024-02-13 18:00:00,20.6,12.0,1,29.0,65,158,44t
1051,1051,2024-02-13 19:00:00,25.6,15.0,1,28.0,69,141,44t
1052,1052,2024-02-13 20:00:00,19.2,14.0,1,28.0,70,131,44t
1053,1053,2024-02-13 21:00:00,18.3,2.0,1,28.0,68,133,44t
1054,1054,2024-02-13 22:00:00,17.2,3.0,1,28.0,70,134,44t
1055,1055,2024-02-13 23:00:00,15.8,4.0,1,28.0,71,125,44t
1056,1056,2024-02-14 00:00:00,18.7,24.0,1,28.0,71,125,44t
1057,1057,2024-02-14 01:00:00,21.5,11.415652173913044,1,27.0,77,113,44t
1058,1058,2024-02-14 02:00:00,15.2,139.0,1,26.0,84,116,44t
1059,1059,2024-02-14 03:00:00,13.8,107.0,1,27.0,80,141,44t
1060,1060,2024-02-14 04:00:00,13.3,11.415652173913044,1,26.0,83,123,44t
1061,1061,2024-02-14 05:00:00,12.3,26.0,1,26.0,79,179,44t
1062,1062,2024-02-14 06:00:00,15.2,18.0,1,26.0,82,132,44t
1063,1063,2024-02-14 07:00:00,20.8,5.0,1,26.0,85,137,44t
1064,1064,2024-02-14 08:00:00,16.3,0.0,1,27.0,85,131,44t
1065,1065,2024-02-14 09:00:00,19.2,0.0,1,28.0,77,137,44t
1066,1066,2024-02-14 10:00:00,18.3,3.0,1,30.0,66,219,44t
1067,1067,2024-02-14 11:00:00,19.1,3.0,1,30.0,68,207,44t
1068,1068,2024-02-14 12:00:00,17.8,2.0,1,32.0,59,228,44t
1069,1069,2024-02-14 13:00:00,18.2,7.0,1,32.0,59,212,44t
1070,1070,2024-02-14 14:00:00,17.8,23.0,1,32.0,59,189,44t
1071,1071,2024-02-14 15:00:00,23.9,23.0,1,31.0,61,173,44t
1072,1072,2024-02-14 16:00:00,15.6,24.0,1,30.0,63,216,44t
1073,1073,2024-02-14 17:00:00,17.6,10.0,1,30.0,66,194,44t
1074,1074,2024-02-14 18:00:00,19.6,4.0,1,29.0,71,204,44t
1075,1075,2024-02-14 19:00:00,26.3,0.0,1,28.0,73,191,44t
1076,1076,2024-02-14 20:00:00,23.1,4.0,1,28.0,74,187,44t
1077,1077,2024-02-14 21:00:00,21.3,6.0,1,28.0,75,158,44t
1078,1078,2024-02-14 22:00:00,20.9,6.0,1,28.0,74,134,44t
1079,1079,2024-02-14 23:00:00,15.4,3.0,1,28.0,74,104,44t
1080,1080,2024-02-15 00:00:00,15.9,3.0,1,27.0,77,121,44t
1081,1081,2024-02-15 01:00:00,19.9,22.0,1,27.0,78,135,44t
1082,1082,2024-02-15 02:00:00,18.3,23.0,1,27.0,78,157,44t
1083,1083,2024-02-15 03:00:00,10.6,23.0,1,27.0,79,145,44t
1084,1084,2024-02-15 04:00:00,13.3,23.0,1,27.0,80,143,44t
1085,1085,2024-02-15 05:00:00,12.1,11.415652173913044,1,27.0,80,143,44t
1086,1086,2024-02-15 06:00:00,18.9,22.0,1,27.0,81,122,44t
1087,1087,2024-02-15 07:00:00,23.3,3.0,1,27.0,79,124,44t
1088,1088,2024-02-15 08:00:00,23.3,4.0,1,29.0,70,148,44t
1089,1089,2024-02-15 09:00:00,13.2,2.0,1,31.0,61,165,44t
1090,1090,2024-02-15 10:00:00,22.4,2.0,1,31.0,57,224,44t
1091,1091,2024-02-15 11:00:00,18.8,4.0,1,32.0,55,229,44t
1092,1092,2024-02-15 12:00:00,18.2,20.0,1,32.0,51,253,44t
1093,1093,2024-02-15 13:00:00,17.8,3.0,1,33.0,50,233,44t
1094,1094,2024-02-15 14:00:00,18.6,8.0,1,33.0,51,217,44t
1095,1095,2024-02-15 15:00:00,13.4,2.0,1,32.0,53,198,44t
1096,1096,2024-02-15 16:00:00,15.8,5.0,1,32.0,56,189,44t
1097,1097,2024-02-15 17:00:00,17.6,3.0,1,30.0,61,198,44t
1098,1098,2024-02-15 18:00:00,16.1,2.0,1,29.0,66,207,44t
1099,1099,2024-02-15 19:00:00,16.9,9.0,1,28.0,70,208,44t
1100,1100,2024-02-15 20:00:00,19.3,2.0,1,28.0,71,202,44t
1101,1101,2024-02-15 21:00:00,13.2,2.0,1,28.0,73,177,44t
1102,1102,2024-02-15 22:00:00,23.3,0.0,1,28.0,73,120,44t
1103,1103,2024-02-15 23:00:00,17.9,3.0,1,28.0,74,120,44t
1104,1104,2024-02-16 00:00:00,22.7,8.0,1,28.0,73,113,44t
1105,1105,2024-02-16 01:00:00,16.9,6.0,1,28.0,74,109,44t
1106,1106,2024-02-16 02:00:00,17.7,0.0,1,27.0,75,115,44t
1107,1107,2024-02-16 03:00:00,12.2,22.0,1,27.0,76,99,44t
1108,1108,2024-02-16 04:00:00,13.9,22.0,1,27.0,78,105,44t
1109,1109,2024-02-16 05:00:00,12.8,16.0,1,27.0,78,115,44t
1110,1110,2024-02-16 06:00:00,19.9,11.415652173913044,1,27.0,79,99,44t
1111,1111,2024-02-16 07:00:00,19.9,0.0,1,27.0,76,106,44t
1112,1112,2024-02-16 08:00:00,20.4,17.0,1,29.0,70,108,44t
1113,1113,2024-02-16 09:00:00,16.0,1.0,1,30.0,61,121,44t
1114,1114,2024-02-16 10:00:00,19.2,9.0,1,31.0,54,152,44t
1115,1115,2024-02-16 11:00:00,15.8,6.0,1,32.0,52,188,44t
1116,1116,2024-02-16 12:00:00,16.2,4.0,1,32.0,50,222,44t
1117,1117,2024-02-16 13:00:00,14.4,0.0,1,33.0,47,204,44t
1118,1118,2024-02-16 14:00:00,18.2,2.0,1,33.0,47,147,44t
1119,1119,2024-02-16 15:00:00,9.2,23.0,1,33.0,46,152,44t
1120,1120,2024-02-16 16:00:00,17.1,2.0,1,32.0,52,192,44t
1121,1121,2024-02-16 17:00:00,15.2,4.0,1,30.0,60,148,44t
1122,1122,2024-02-16 18:00:00,20.3,7.0,1,29.0,67,138,44t
1123,1123,2024-02-16 19:00:00,19.1,2.0,1,28.0,71,129,44t
1124,1124,2024-02-16 20:00:00,19.6,0.0,1,28.0,71,124,44t
1125,1125,2024-02-16 21:00:00,14.4,2.0,1,28.0,72,111,44t
1126,1126,2024-02-16 22:00:00,15.4,2.0,1,28.0,73,113,44t
1127,1127,2024-02-16 23:00:00,16.2,11.0,1,28.0,74,110,44t
1128,1128,2024-02-17 00:00:00,17.8,18.0,1,27.0,75,111,44t
1129,1129,2024-02-17 01:00:00,14.5,1.0,1,27.0,75,102,44t
1130,1130,2024-02-17 02:00:00,14.7,17.0,1,27.0,77,95,44t
1131,1131,2024-02-17 03:00:00,16.2,21.0,1,27.0,77,110,44t
1132,1132,2024-02-17 04:00:00,17.1,21.0,1,26.0,78,117,44t
1133,1133,2024-02-17 05:00:00,16.2,20.0,1,26.0,77,117,44t
1134,1134,2024-02-17 06:00:00,21.0,2.0,1,26.0,78,113,44t
1135,1135,2024-02-17 07:00:00,26.1,11.415652173913044,1,27.0,77,130,44t
1136,1136,2024-02-17 08:00:00,19.2,17.0,1,28.0,71,115,44t
1137,1137,2024-02-17 09:00:00,17.1,1.0,1,29.0,64,120,44t
1138,1138,2024-02-17 10:00:00,22.4,0.0,1,30.0,57,147,44t
1139,1139,2024-02-17 11:00:00,21.3,1.0,1,32.0,50,151,44t
1140,1140,2024-02-17 12:00:00,23.2,20.0,1,32.0,46,160,44t
1141,1141,2024-02-17 13:00:00,20.8,0.0,1,33.0,40,161,44t
1142,1142,2024-02-17 14:00:00,15.6,25.0,1,33.0,42,159,44t
1143,1143,2024-02-17 15:00:00,18.5,25.0,2,32.0,47,157,44t
1144,1144,2024-02-17 16:00:00,21.0,25.0,1,32.0,50,152,44t
1145,1145,2024-02-17 17:00:00,17.2,23.0,1,30.0,55,155,44t
1146,1146,2024-02-17 18:00:00,15.3,21.0,1,29.0,64,180,44t
1147,1147,2024-02-17 19:00:00,18.5,21.0,1,28.0,68,165,44t
1148,1148,2024-02-17 20:00:00,19.2,22.0,1,28.0,70,137,44t
1149,1149,2024-02-17 21:00:00,15.7,22.0,1,28.0,69,123,44t
1150,1150,2024-02-17 22:00:00,22.6,18.0,1,28.0,69,112,44t
1151,1151,2024-02-17 23:00:00,17.1,15.0,1,28.0,70,106,44t
1152,1152,2024-02-18 00:00:00,17.1,13.0,1,27.0,71,103,44t
1153,1153,2024-02-18 01:00:00,14.6,20.0,1,27.0,72,110,44t
1154,1154,2024-02-18 02:00:00,16.3,20.0,1,27.0,75,107,44t
1155,1155,2024-02-18 03:00:00,16.7,21.0,1,27.0,76,109,44t
1156,1156,2024-02-18 04:00:00,14.6,20.0,1,27.0,75,112,44t
1157,1157,2024-02-18 05:00:00,17.0,19.0,1,26.0,77,107,44t
1158,1158,2024-02-18 06:00:00,23.8,19.0,1,26.0,76,112,44t
1159,1159,2024-02-18 07:00:00,23.6,19.0,1,27.0,75,114,44t
1160,1160,2024-02-18 08:00:00,22.2,11.415652173913044,1,29.0,68,120,44t
1161,1161,2024-02-18 09:00:00,17.6904,24.0,1,30.0,61,121,44t
1162,1162,2024-02-18 10:00:00,17.6904,23.0,1,31.0,57,126,44t
1163,1163,2024-02-18 11:00:00,17.9,23.0,1,32.0,53,159,44t
1164,1164,2024-02-18 12:00:00,18.6,23.0,1,32.0,54,202,44t
1165,1165,2024-02-18 13:00:00,17.3,23.0,1,32.0,55,218,44t
1166,1166,2024-02-18 14:00:00,17.2,22.0,1,32.0,58,199,44t
1167,1167,2024-02-18 15:00:00,14.8,19.0,1,31.0,60,180,44t
1168,1168,2024-02-18 16:00:00,16.0,19.0,1,30.0,65,160,44t
1169,1169,2024-02-18 17:00:00,18.0,18.0,1,29.0,68,131,44t
1170,1170,2024-02-18 18:00:00,21.0,18.0,1,29.0,69,120,44t
1171,1171,2024-02-18 19:00:00,22.7,17.0,1,27.0,81,116,44t
1172,1172,2024-02-18 20:00:00,21.5,12.0,1,27.0,86,111,44t
1173,1173,2024-02-18 21:00:00,27.0,16.0,1,27.0,82,106,44t
1174,1174,2024-02-18 22:00:00,24.7,28.0,1,28.0,78,105,44t
1175,1175,2024-02-18 23:00:00,14.2,23.0,1,28.0,77,107,44t
1176,1176,2024-02-19 00:00:00,14.4,18.0,1,28.0,76,108,44t
1177,1177,2024-02-19 01:00:00,17.5,17.0,1,28.0,76,106,44t
1178,1178,2024-02-19 02:00:00,14.0,18.0,1,28.0,76,104,44t
1179,1179,2024-02-19 03:00:00,13.6,18.0,1,28.0,74,96,44t
1180,1180,2024-02-19 04:00:00,14.4,17.0,1,27.0,78,94,44t
1181,1181,2024-02-19 05:00:00,13.2,18.0,1,27.0,78,102,44t
1182,1182,2024-02-19 06:00:00,13.5,15.0,1,27.0,78,102,44t
1183,1183,2024-02-19 07:00:00,19.7,14.0,1,28.0,76,96,44t
1184,1184,2024-02-19 08:00:00,19.0,18.0,1,29.0,71,112,44t
1185,1185,2024-02-19 09:00:00,10.2,11.415652173913044,1,31.0,61,115,44t
1186,1186,2024-02-19 10:00:00,13.5,22.0,1,31.0,57,136,44t
1187,1187,2024-02-19 11:00:00,14.4,22.0,1,32.0,55,147,44t
1188,1188,2024-02-19 12:00:00,14.7,24.0,2,32.0,55,139,44t
1189,1189,2024-02-19 13:00:00,10.6,23.0,1,33.0,52,155,44t
1190,1190,2024-02-19 14:00:00,11.9,20.0,1,33.0,57,169,44t
1191,1191,2024-02-19 15:00:00,9.8,19.0,1,31.0,60,157,44t
1192,1192,2024-02-19 16:00:00,8.5,18.0,1,31.0,60,177,44t
1193,1193,2024-02-19 17:00:00,12.7,15.0,1,30.0,65,144,44t
1194,1194,2024-02-19 18:00:00,14.1,18.0,1,29.0,69,126,44t
1195,1195,2024-02-19 19:00:00,20.0,17.0,1,29.0,74,119,44t
1196,1196,2024-02-19 20:00:00,18.8,17.0,1,28.0,77,110,44t
1197,1197,2024-02-19 21:00:00,19.8,26.0,1,28.0,78,112,44t
1198,1198,2024-02-19 22:00:00,23.5,26.0,1,28.0,78,115,44t
1199,1199,2024-02-19 23:00:00,13.0,15.0,1,28.0,78,117,44t
1200,1200,2024-02-20 00:00:00,11.3,15.0,1,28.0,78,111,44t
1201,1201,2024-02-20 01:00:00,15.2,9.0,1,27.0,83,111,44t
1202,1202,2024-02-20 02:00:00,19.2,7.0,1,27.0,85,107,44t
1203,1203,2024-02-20 03:00:00,11.8,8.0,1,27.0,87,107,44t
1204,1204,2024-02-20 04:00:00,14.3,7.0,1,27.0,87,107,44t
1205,1205,2024-02-20 05:00:00,18.9,4.0,1,26.0,88,106,44t
1206,1206,2024-02-20 06:00:00,26.2,3.0,1,26.0,89,106,44t
1207,1207,2024-02-20 07:00:00,28.9,6.0,1,27.0,85,105,44t
1208,1208,2024-02-20 08:00:00,31.4,18.0,1,29.0,69,112,44t
1209,1209,2024-02-20 09:00:00,19.0,25.0,1,31.0,62,93,44t
1210,1210,2024-02-20 10:00:00,15.7,11.415652173913044,1,32.0,56,104,44t
1211,1211,2024-02-20 11:00:00,17.8,19.0,1,34.0,48,127,44t
1212,1212,2024-02-20 12:00:00,14.5,19.0,1,34.0,47,167,44t
1213,1213,2024-02-20 13:00:00,13.5,19.0,1,34.0,48,170,44t
1214,1214,2024-02-20 14:00:00,9.8,19.0,1,34.0,46,151,44t
1215,1215,2024-02-20 15:00:00,10.7,20.0,1,33.0,52,194,44t
1216,1216,2024-02-20 16:00:00,14.7,18.0,1,32.0,59,175,44t
1217,1217,2024-02-20 17:00:00,13.1,16.0,1,30.0,65,140,44t
1218,1218,2024-02-20 18:00:00,19.0,17.0,1,29.0,70,129,44t
1219,1219,2024-02-20 19:00:00,18.3,16.0,1,29.0,72,115,44t
1220,1220,2024-02-20 20:00:00,13.1,18.0,2,29.0,73,116,44t
1221,1221,2024-02-20 21:00:00,10.9,27.0,1,28.0,73,110,44t
1222,1222,2024-02-20 22:00:00,10.3,27.0,1,28.0,75,108,44t
1223,1223,2024-02-20 23:00:00,11.5,21.0,1,28.0,77,108,44t
1224,1224,2024-02-21 00:00:00,12.6,13.0,1,28.0,80,106,44t
1225,1225,2024-02-21 01:00:00,20.4,9.0,1,27.0,82,105,44t
1226,1226,2024-02-21 02:00:00,19.8,9.0,1,27.0,84,105,44t
1227,1227,2024-02-21 03:00:00,12.3,6.0,1,27.0,84,95,44t
1228,1228,2024-02-21 04:00:00,13.9,5.0,1,26.0,87,109,44t
1229,1229,2024-02-21 05:00:00,20.6,4.0,1,26.0,89,109,44t
1230,1230,2024-02-21 06:00:00,25.7,2.0,1,26.0,89,112,44t
1231,1231,2024-02-21 07:00:00,21.8,7.0,1,26.0,87,109,44t
1232,1232,2024-02-21 08:00:00,24.0,16.0,1,28.0,72,108,44t
1233,1233,2024-02-21 09:00:00,17.7,23.0,1,30.0,62,102,44t
1234,1234,2024-02-21 10:00:00,12.8,31.0,1,32.0,54,118,44t
1235,1235,2024-02-21 11:00:00,10.2,11.415652173913044,1,33.0,47,130,44t
1236,1236,2024-02-21 12:00:00,9.2,22.0,1,34.0,45,127,44t
1237,1237,2024-02-21 13:00:00,9.5,23.0,1,34.0,44,142,44t
1238,1238,2024-02-21 14:00:00,8.4,28.0,2,34.0,43,147,44t
1239,1239,2024-02-21 15:00:00,13.6,30.0,1,34.0,45,155,44t
1240,1240,2024-02-21 16:00:00,17.9,28.0,1,33.0,52,174,44t
1241,1241,2024-02-21 17:00:00,14.0,25.0,2,31.0,57,151,44t
1242,1242,2024-02-21 18:00:00,16.1,22.0,1,30.0,66,138,44t
1243,1243,2024-02-21 19:00:00,19.4,19.0,1,29.0,71,120,44t
1244,1244,2024-02-21 20:00:00,14.4,20.0,1,28.0,73,116,44t
1245,1245,2024-02-21 21:00:00,18.2,30.0,1,28.0,74,113,44t
1246,1246,2024-02-21 22:00:00,16.4,29.0,1,28.0,75,109,44t
1247,1247,2024-02-21 23:00:00,11.4,20.0,1,28.0,76,107,44t
1248,1248,2024-02-22 00:00:00,17.5,19.0,1,28.0,76,106,44t
1249,1249,2024-02-22 01:00:00,17.0,17.0,1,27.0,78,108,44t
1250,1250,2024-02-22 02:00:00,15.6,14.0,1,27.0,81,106,44t
1251,1251,2024-02-22 03:00:00,13.4,12.0,1,26.0,83,114,44t
1252,1252,2024-02-22 04:00:00,11.8,7.0,1,26.0,86,109,44t
1253,1253,2024-02-22 05:00:00,20.1,11.0,1,26.0,83,101,44t
1254,1254,2024-02-22 06:00:00,20.5,3.0,1,26.0,85,105,44t
1255,1255,2024-02-22 07:00:00,25.9,4.0,1,26.0,84,103,44t
1256,1256,2024-02-22 08:00:00,25.4,21.0,1,29.0,69,118,44t
1257,1257,2024-02-22 09:00:00,15.2,25.0,1,31.0,60,108,44t
1258,1258,2024-02-22 10:00:00,12.9,27.0,1,31.0,56,134,44t
1259,1259,2024-02-22 11:00:00,13.2,27.0,1,33.0,51,136,44t
1260,1260,2024-02-22 12:00:00,10.0,11.415652173913044,1,33.0,48,138,44t
1261,1261,2024-02-22 13:00:00,11.2,24.0,1,33.0,46,144,44t
1262,1262,2024-02-22 14:00:00,8.5,24.0,1,33.0,45,170,44t
1263,1263,2024-02-22 15:00:00,8.6,22.0,1,33.0,45,156,44t
1264,1264,2024-02-22 16:00:00,7.9,22.0,2,33.0,49,138,44t
1265,1265,2024-02-22 17:00:00,9.7,21.0,1,31.0,55,156,44t
1266,1266,2024-02-22 18:00:00,10.3,20.0,1,29.0,64,157,44t
1267,1267,2024-02-22 19:00:00,11.2,19.0,1,29.0,68,118,44t
1268,1268,2024-02-22 20:00:00,12.0,21.0,2,28.0,69,118,44t
1269,1269,2024-02-22 21:00:00,12.5,22.0,1,28.0,70,110,44t
1270,1270,2024-02-22 22:00:00,9.8,28.0,1,28.0,72,109,44t
1271,1271,2024-02-22 23:00:00,9.3,20.0,1,28.0,74,107,44t
1272,1272,2024-02-23 00:00:00,10.5,15.0,1,27.0,76,106,44t
1273,1273,2024-02-23 01:00:00,12.6,10.0,1,27.0,79,107,44t
1274,1274,2024-02-23 02:00:00,16.2,10.0,1,26.0,82,106,44t
1275,1275,2024-02-23 03:00:00,14.8,9.0,1,26.0,84,105,44t
1276,1276,2024-02-23 04:00:00,16.9,8.0,1,26.0,85,105,44t
1277,1277,2024-02-23 05:00:00,16.1,5.0,1,25.0,87,106,44t
1278,1278,2024-02-23 06:00:00,21.7,2.0,1,25.0,88,105,44t
1279,1279,2024-02-23 07:00:00,23.0,5.0,1,26.0,83,102,44t
1280,1280,2024-02-23 08:00:00,17.6904,11.415652173913044,1,28.0,71,113,44t
1281,1281,2024-02-23 09:00:00,17.6904,11.415652173913044,1,30.0,63,131,44t
1282,1282,2024-02-23 10:00:00,12.1,11.415652173913044,1,31.0,56,159,44t
1283,1283,2024-02-23 11:00:00,10.1,11.415652173913044,1,32.0,52,164,44t
1284,1284,2024-02-23 12:00:00,7.3,11.415652173913044,1,32.0,50,171,44t
1285,1285,2024-02-23 13:00:00,6.9,11.415652173913044,1,33.0,49,176,44t
1286,1286,2024-02-23 14:00:00,5.3,11.415652173913044,1,33.0,48,175,44t
1287,1287,2024-02-23 15:00:00,5.6,11.415652173913044,1,33.0,50,185,44t
1288,1288,2024-02-23 16:00:00,8.6,11.415652173913044,1,32.0,52,192,44t
1289,1289,2024-02-23 17:00:00,10.0,11.415652173913044,1,31.0,53,189,44t
1290,1290,2024-02-23 18:00:00,12.1,11.415652173913044,1,30.0,62,136,44t
1291,1291,2024-02-23 19:00:00,10.4,11.415652173913044,1,29.0,68,131,44t
1292,1292,2024-02-23 20:00:00,15.6,11.415652173913044,1,28.0,71,112,44t
1293,1293,2024-02-23 21:00:00,18.3,11.415652173913044,1,28.0,73,113,44t
1294,1294,2024-02-23 22:00:00,12.4,11.415652173913044,1,28.0,75,111,44t
1295,1295,2024-02-23 23:00:00,10.2,11.415652173913044,1,28.0,75,115,44t
1296,1296,2024-02-24 00:00:00,12.6,11.415652173913044,1,27.0,76,109,44t
1297,1297,2024-02-24 01:00:00,10.0,11.415652173913044,1,27.0,75,117,44t
1298,1298,2024-02-24 02:00:00,11.4,11.415652173913044,1,27.0,73,119,44t
1299,1299,2024-02-24 03:00:00,7.2,11.415652173913044,1,27.0,76,110,44t
1300,1300,2024-02-24 04:00:00,8.8,11.415652173913044,1,27.0,77,106,44t
1301,1301,2024-02-24 05:00:00,11.1,11.415652173913044,1,27.0,76,103,44t
1302,1302,2024-02-24 06:00:00,18.9,11.415652173913044,1,26.0,78,103,44t
1303,1303,2024-02-24 07:00:00,15.0,11.415652173913044,1,27.0,75,92,44t
1304,1304,2024-02-24 08:00:00,10.3,11.415652173913044,1,29.0,67,115,44t
1305,1305,2024-02-24 09:00:00,13.7,11.415652173913044,1,31.0,58,115,44t
1306,1306,2024-02-24 10:00:00,11.7,11.415652173913044,1,31.0,54,125,44t
1307,1307,2024-02-24 11:00:00,10.2,11.415652173913044,1,32.0,47,161,44t
1308,1308,2024-02-24 12:00:00,8.2,11.415652173913044,1,33.0,47,139,44t
1309,1309,2024-02-24 13:00:00,9.2,11.415652173913044,1,33.0,46,152,44t
1310,1310,2024-02-24 14:00:00,6.8,11.415652173913044,1,33.0,48,149,44t
1311,1311,2024-02-24 15:00:00,6.4,11.415652173913044,1,33.0,48,166,44t
1312,1312,2024-02-24 16:00:00,12.4,11.415652173913044,1,32.0,51,159,44t
1313,1313,2024-02-24 17:00:00,10.9,11.415652173913044,1,31.0,54,179,44t
1314,1314,2024-02-24 18:00:00,14.0,11.415652173913044,1,30.0,61,190,44t
1315,1315,2024-02-24 19:00:00,17.5,11.415652173913044,1,29.0,68,154,44t
1316,1316,2024-02-24 20:00:00,16.1,11.415652173913044,2,28.0,69,132,44t
1317,1317,2024-02-24 21:00:00,12.7,11.415652173913044,1,28.0,71,121,44t
1318,1318,2024-02-24 22:00:00,11.1,11.415652173913044,2,28.0,74,118,44t
1319,1319,2024-02-24 23:00:00,17.0,11.415652173913044,1,28.0,72,114,44t
1320,1320,2024-02-25 00:00:00,13.3,11.415652173913044,1,28.0,72,123,44t
1321,1321,2024-02-25 01:00:00,10.5,11.415652173913044,1,27.0,73,135,44t
1322,1322,2024-02-25 02:00:00,10.8,11.415652173913044,1,27.0,74,144,44t
1323,1323,2024-02-25 03:00:00,7.1,11.415652173913044,1,27.0,75,92,44t
1324,1324,2024-02-25 04:00:00,10.0,11.415652173913044,1,26.0,77,97,44t
1325,1325,2024-02-25 05:00:00,13.3,11.415652173913044,1,26.0,77,100,44t
1326,1326,2024-02-25 06:00:00,16.3,11.415652173913044,1,26.0,78,97,44t
1327,1327,2024-02-25 07:00:00,13.2,11.415652173913044,1,27.0,75,100,44t
1328,1328,2024-02-25 08:00:00,13.7,11.415652173913044,1,29.0,65,92,44t
1329,1329,2024-02-25 09:00:00,10.5,11.415652173913044,1,31.0,59,111,44t
1330,1330,2024-02-25 10:00:00,12.4,11.415652173913044,1,32.0,54,135,44t
1331,1331,2024-02-25 11:00:00,17.8,11.415652173913044,1,33.0,48,138,44t
1332,1332,2024-02-25 12:00:00,15.7,11.415652173913044,1,34.0,44,185,44t
1333,1333,2024-02-25 13:00:00,12.0,11.415652173913044,1,33.0,51,172,44t
1334,1334,2024-02-25 14:00:00,13.6,11.415652173913044,1,33.0,52,159,44t
1335,1335,2024-02-25 15:00:00,17.5,11.415652173913044,1,33.0,54,155,44t
1336,1336,2024-02-25 16:00:00,20.0,11.415652173913044,2,32.0,58,153,44t
1337,1337,2024-02-25 17:00:00,20.4,11.415652173913044,2,31.0,61,156,44t
1338,1338,2024-02-25 18:00:00,22.6,11.415652173913044,1,29.0,67,144,44t
1339,1339,2024-02-25 19:00:00,26.2,11.415652173913044,2,29.0,69,126,44t
1340,1340,2024-02-25 20:00:00,25.4,11.415652173913044,1,29.0,72,185,44t
1341,1341,2024-02-25 21:00:00,19.1,11.415652173913044,1,28.0,72,142,44t
1342,1342,2024-02-25 22:00:00,21.2,11.415652173913044,1,28.0,68,140,44t
1343,1343,2024-02-25 23:00:00,17.7,11.415652173913044,1,28.0,70,113,44t
1344,1344,2024-02-26 00:00:00,18.1,11.415652173913044,1,28.0,72,120,44t
1345,1345,2024-02-26 01:00:00,15.2,11.415652173913044,1,28.0,74,124,44t
1346,1346,2024-02-26 02:00:00,14.8,11.415652173913044,1,27.0,74,125,44t
1347,1347,2024-02-26 03:00:00,12.9,11.415652173913044,1,27.0,74,122,44t
1348,1348,2024-02-26 04:00:00,17.3,11.415652173913044,1,27.0,75,123,44t
1349,1349,2024-02-26 05:00:00,15.6,11.415652173913044,1,27.0,75,122,44t
1350,1350,2024-02-26 06:00:00,27.4,11.415652173913044,1,27.0,76,115,44t
1351,1351,2024-02-26 07:00:00,27.3,11.415652173913044,1,28.0,73,121,44t
1352,1352,2024-02-26 08:00:00,19.2,11.415652173913044,1,29.0,68,117,44t
1353,1353,2024-02-26 09:00:00,22.5,11.415652173913044,1,30.0,63,135,44t
1354,1354,2024-02-26 10:00:00,22.4,11.415652173913044,1,32.0,55,200,44t
1355,1355,2024-02-26 11:00:00,18.9,11.415652173913044,1,32.0,52,158,44t
1356,1356,2024-02-26 12:00:00,20.0,11.415652173913044,1,33.0,49,221,44t
1357,1357,2024-02-26 13:00:00,18.3,11.415652173913044,1,33.0,45,171,44t
1358,1358,2024-02-26 14:00:00,17.8,11.415652173913044,1,33.0,47,201,44t
1359,1359,2024-02-26 15:00:00,19.8,11.415652173913044,1,33.0,51,153,44t
1360,1360,2024-02-26 16:00:00,18.3,11.415652173913044,1,32.0,54,163,44t
1361,1361,2024-02-26 17:00:00,16.8,11.415652173913044,1,31.0,56,187,44t
1362,1362,2024-02-26 18:00:00,22.9,11.415652173913044,1,30.0,63,158,44t
1363,1363,2024-02-26 19:00:00,19.8,11.415652173913044,1,29.0,69,170,44t
1364,1364,2024-02-26 20:00:00,20.2,11.415652173913044,1,29.0,72,191,44t
1365,1365,2024-02-26 21:00:00,16.0,11.415652173913044,1,28.0,72,139,44t
1366,1366,2024-02-26 22:00:00,18.7,11.415652173913044,1,28.0,72,119,44t
1367,1367,2024-02-26 23:00:00,16.6,11.415652173913044,1,28.0,72,116,44t
1368,1368,2024-02-27 00:00:00,14.1,11.415652173913044,1,28.0,72,102,44t
1369,1369,2024-02-27 01:00:00,17.2,11.415652173913044,1,28.0,73,96,44t
1370,1370,2024-02-27 02:00:00,11.5,11.415652173913044,1,28.0,74,114,44t
1371,1371,2024-02-27 03:00:00,9.7,11.415652173913044,1,27.0,75,94,44t
1372,1372,2024-02-27 04:00:00,12.4,11.415652173913044,1,27.0,77,95,44t
1373,1373,2024-02-27 05:00:00,18.8,11.415652173913044,1,27.0,77,114,44t
1374,1374,2024-02-27 06:00:00,24.7,11.415652173913044,1,27.0,77,103,44t
1375,1375,2024-02-27 07:00:00,17.7,11.415652173913044,1,27.0,75,108,44t
1376,1376,2024-02-27 08:00:00,20.6,11.415652173913044,1,29.0,67,96,44t
1377,1377,2024-02-27 09:00:00,18.4,11.415652173913044,1,30.0,62,119,44t
1378,1378,2024-02-27 10:00:00,17.6904,0.0,1,32.0,52,162,44t
1379,1379,2024-02-27 11:00:00,17.6904,5.0,1,32.0,51,149,44t
1380,1380,2024-02-27 12:00:00,15.3,13.0,1,33.0,49,188,44t
1381,1381,2024-02-27 13:00:00,12.3,2.0,1,33.0,48,168,44t
1382,1382,2024-02-27 14:00:00,10.2,21.0,1,33.0,49,186,44t
1383,1383,2024-02-27 15:00:00,18.1,23.0,1,32.0,51,190,44t
1384,1384,2024-02-27 16:00:00,13.5,0.0,1,32.0,56,181,44t
1385,1385,2024-02-27 17:00:00,12.1,11.415652173913044,1,30.0,61,197,44t
1386,1386,2024-02-27 18:00:00,15.3,3.0,1,29.0,66,178,44t
1387,1387,2024-02-27 19:00:00,21.7,9.0,1,29.0,67,162,44t
1388,1388,2024-02-27 20:00:00,17.5,1.0,1,29.0,68,134,44t
1389,1389,2024-02-27 21:00:00,21.1,0.0,1,29.0,69,140,44t
1390,1390,2024-02-27 22:00:00,23.2,0.0,1,29.0,70,111,44t
1391,1391,2024-02-27 23:00:00,16.2,8.0,1,28.0,71,120,44t
