,PM25,O3,WS,TEMP,RH,WD
0,16.5,16.0,1,27.0,79,115
1,33.6,0.0,1,27.0,82,97
2,34.2,0.0,1,26.0,84,96
3,20.1,0.0,1,26.0,82,108
4,16.5,1.0,1,27.0,79,106
5,15.4,1.0,1,26.0,82,108
6,15.7,7.0,1,26.0,82,109
7,18.1,1.0,1,27.0,79,114
8,19.5,0.0,1,28.0,72,110
9,17.5,1.0,1,29.0,68,120
10,16.4,11.415652173913044,1,30.0,65,151
11,15.8,9.0,1,31.0,60,177
12,16.7,14.0,1,32.0,57,174
13,14.8,25.0,1,32.0,53,157
14,13.4,0.0,1,32.0,50,144
15,10.4,21.0,1,32.0,52,151
16,11.4,21.0,1,31.0,56,146
17,12.7,0.0,2,30.0,62,128
18,13.9,19.0,1,29.0,71,148
19,14.5,10.0,1,28.0,75,149
20,13.1,0.0,1,28.0,76,121
21,15.2,0.0,1,28.0,76,116
22,16.9,2.0,1,28.0,78,116
23,15.2,2.0,1,28.0,79,117
24,12.4,0.0,2,27.0,79,120
25,11.8,7.0,1,27.0,80,114
26,12.5,0.0,1,26.0,85,106
27,13.5,1.0,1,26.0,89,105
28,14.9,1.0,1,25.0,91,107
29,12.6,1.0,1,25.0,93,103
30,15.2,0.0,1,25.0,92,105
31,19.3,2.0,1,26.0,88,106
32,18.7,0.0,1,29.0,72,118
33,17.2,9.0,2,30.0,66,129
34,11.7,22.0,1,31.0,59,132
35,12.5,11.415652173913044,1,31.0,55,193
36,11.3,10.0,1,32.0,55,146
37,11.1,1.0,1,32.0,53,203
38,12.0,7.0,1,32.0,54,173
39,9.9,0.0,1,31.0,56,178
40,9.3,2.0,1,31.0,57,171
41,9.9,1.0,1,29.0,65,180
42,10.8,15.0,1,28.0,71,138
43,16.5,9.0,1,28.0,73,134
44,13.1,0.0,1,28.0,74,126
45,15.3,0.0,1,28.0,76,111
46,14.3,2.0,1,27.0,77,111
47,12.6,3.0,1,27.0,77,113
48,9.9,12.0,1,27.0,80,109
49,10.8,0.0,1,26.0,83,105
50,14.8,0.0,1,26.0,84,106
51,13.1,0.0,1,26.0,86,106
52,21.1,1.0,1,25.0,90,108
53,13.6,1.0,1,25.0,92,106
54,14.5,1.0,1,25.0,91,106
55,17.0,1.0,1,26.0,87,106
56,21.3,0.0,1,29.0,74,116
57,17.4,3.0,1,30.0,67,123
58,18.2,26.0,1,31.0,59,148
59,19.2,14.0,1,31.0,58,168
60,11.4,11.415652173913044,1,32.0,55,193
61,15.1,5.0,1,32.0,52,204
62,14.8,19.0,1,32.0,53,168
63,15.2,15.0,1,32.0,56,156
64,16.6,0.0,1,31.0,59,153
65,16.7,3.0,1,30.0,65,160
66,15.6,2.0,1,29.0,71,190
67,20.4,7.0,1,28.0,73,150
68,15.4,0.0,1,28.0,74,170
69,14.0,0.0,1,28.0,74,128
70,13.6,2.0,1,28.0,75,128
71,11.8,2.0,1,28.0,76,118
72,11.1,3.0,1,27.0,78,107
73,11.8,8.0,1,27.0,79,108
74,12.8,0.0,1,26.0,83,103
75,15.3,0.0,1,26.0,84,104
76,12.9,1.0,1,26.0,86,105
77,17.0,1.0,1,26.0,87,104
78,15.1,0.0,1,26.0,85,106
79,15.7,5.0,1,27.0,79,117
80,16.4,0.0,1,29.0,73,118
81,21.5,2.0,1,30.0,65,137
82,20.5,14.0,1,32.0,58,106
83,16.4,34.0,1,32.0,53,155
84,14.5,13.0,1,33.0,51,116
85,15.4,11.415652173913044,1,33.0,48,135
86,13.4,34.0,1,33.0,50,175
87,17.1,33.0,1,32.0,56,154
88,14.6,32.0,1,32.0,58,142
89,19.7,11.0,1,30.0,64,129
90,19.7,16.0,1,29.0,68,124
91,20.9,6.0,1,28.0,74,138
92,21.1,0.0,1,28.0,73,153
93,23.1,0.0,1,28.0,74,125
94,27.6,10.0,1,28.0,74,123
95,19.9,4.0,1,27.0,74,111
96,17.5,19.0,1,27.0,73,123
97,18.4,2.0,1,27.0,74,97
98,17.0,0.0,1,26.0,77,94
99,17.4,3.0,1,26.0,76,98
100,18.9,0.0,1,26.0,75,99
101,14.6,1.0,1,26.0,77,109
102,13.8,1.0,1,26.0,75,110
103,19.9,1.0,1,27.0,74,107
104,20.1,0.0,1,28.0,69,90
105,19.0,0.0,1,30.0,66,114
106,18.5,2.0,1,30.0,63,148
107,21.3,7.0,1,31.0,56,214
108,17.6,1.0,1,31.0,56,232
109,15.3,7.0,1,32.0,49,190
110,12.4,11.415652173913044,1,31.0,53,175
111,13.1,32.0,1,31.0,55,201
112,11.6,30.0,1,30.0,58,177
113,18.0,30.0,1,29.0,65,152
114,19.2,8.0,1,28.0,70,173
115,19.4,2.0,1,28.0,70,151
116,22.4,1.0,1,28.0,70,123
117,20.4,1.0,1,28.0,71,104
118,21.6,9.0,1,27.0,72,99
119,17.1,20.0,1,27.0,74,114
120,18.6,2.0,1,27.0,77,111
121,19.9,1.0,1,27.0,78,115
122,20.1,0.0,1,27.0,78,114
123,22.7,1.0,1,27.0,78,113
124,20.6,0.0,1,26.0,79,108
125,20.6,4.0,1,26.0,83,105
126,20.0,3.0,1,26.0,82,110
127,23.2,0.0,1,26.0,83,111
128,24.0,1.0,1,29.0,70,123
129,23.8,14.0,1,29.0,68,141
130,28.7,12.0,1,30.0,59,171
131,30.5,1.0,1,31.0,57,178
132,20.2,1.0,1,31.0,59,194
133,21.1,13.0,1,31.0,58,180
134,18.8,1.0,1,31.0,58,170
135,22.4,11.415652173913044,1,31.0,57,202
136,20.7,7.0,1,31.0,61,168
137,17.8,4.0,1,29.0,65,145
138,16.7,4.0,1,29.0,70,147
139,17.8,6.0,1,28.0,73,148
140,20.7,2.0,1,28.0,75,121
141,15.9,20.0,1,28.0,75,114
142,13.8,26.0,1,28.0,76,111
143,17.2,27.0,1,28.0,81,113
144,19.2,31.0,1,27.0,83,113
145,20.9,28.0,1,26.0,89,127
146,19.3,17.0,1,25.0,93,100
147,13.7,6.0,1,25.0,95,91
148,11.8,8.0,1,25.0,96,92
149,14.1,0.0,1,25.0,97,106
150,13.1,3.0,1,25.0,96,122
151,16.6,9.0,1,26.0,94,120
152,17.2,17.0,1,26.0,93,123
153,18.2,23.0,1,27.0,87,234
154,16.4,11.415652173913044,1,28.0,78,231
155,19.1,2.0,1,30.0,69,227
156,16.8,2.0,1,30.0,65,218
157,17.7,2.0,2,28.0,79,228
158,21.3,9.0,1,28.0,78,212
159,19.6,3.0,1,30.0,67,237
160,16.7,11.415652173913044,1,29.0,69,230
161,16.3,0.0,1,28.0,72,190
162,15.9,1.0,1,28.0,74,162
163,20.7,19.0,1,28.0,74,163
164,14.0,8.0,1,28.0,75,176
165,13.5,14.0,1,28.0,77,131
166,15.7,0.0,1,27.0,79,116
167,11.9,0.0,1,27.0,82,117
168,13.9,1.0,1,27.0,83,113
169,15.7,15.0,1,27.0,83,103
170,10.3,22.0,1,27.0,84,103
171,16.5,0.0,1,27.0,84,98
172,11.2,1.0,1,27.0,84,106
173,19.4,0.0,1,26.0,86,108
174,14.6,1.0,1,27.0,85,115
175,14.2,13.0,1,27.0,83,113
176,13.1,9.0,1,27.0,85,110
177,16.8,1.0,1,28.0,78,115
178,14.1,0.0,1,29.0,75,155
179,17.6904,0.0,1,30.0,68,166
180,16.5,4.0,1,30.0,65,211
181,13.8,5.0,1,31.0,65,201
182,16.2,2.0,1,31.0,62,214
183,16.9,0.0,1,31.0,63,182
184,14.6,0.0,1,30.0,67,190
185,15.5,11.415652173913044,1,29.0,72,178
186,16.7,6.0,1,28.0,79,188
187,14.5,5.0,1,28.0,78,173
188,15.2,1.0,1,28.0,78,170
189,13.3,1.0,1,28.0,78,181
190,15.9,0.0,1,27.0,79,133
191,11.2,0.0,1,27.0,80,120
192,13.2,2.0,1,27.0,81,115
193,13.5,14.0,1,27.0,81,106
194,14.9,11.0,1,27.0,82,109
195,13.8,1.0,1,27.0,80,112
196,13.3,1.0,1,26.0,82,110
197,14.9,3.0,1,27.0,82,112
198,11.7,0.0,1,26.0,87,109
199,18.0,4.0,1,26.0,90,111
200,20.4,6.0,1,28.0,79,154
201,12.6,21.0,1,29.0,74,195
202,9.9,22.0,1,30.0,68,134
203,13.9,22.0,1,31.0,63,164
204,19.5,0.0,1,31.0,64,149
205,17.5,1.0,1,31.0,64,198
206,11.7,8.0,1,30.0,65,182
207,12.5,1.0,1,31.0,64,166
208,12.8,0.0,2,30.0,69,133
209,14.7,4.0,2,29.0,71,133
210,15.7,11.415652173913044,1,29.0,75,124
211,18.6,8.0,1,28.0,77,120
212,17.8,6.0,1,28.0,80,110
213,13.2,14.0,1,28.0,82,109
214,15.5,22.0,1,28.0,79,129
215,11.0,16.0,2,28.0,78,128
216,20.3,3.0,1,28.0,79,122
217,13.7,12.0,1,27.0,79,123
218,15.7,1.0,1,27.0,80,116
219,12.4,0.0,1,27.0,84,109
220,13.9,0.0,1,26.0,87,107
221,13.7,0.0,1,26.0,89,107
222,16.8,5.0,1,26.0,90,106
223,21.0,2.0,1,27.0,84,114
224,19.0,0.0,1,28.0,78,123
225,13.9,0.0,1,29.0,71,131
226,16.6,0.0,1,31.0,63,162
227,10.5,2.0,1,31.0,60,143
228,12.5,11.0,1,32.0,57,168
229,10.8,4.0,1,32.0,54,171
230,13.2,10.0,1,32.0,55,163
231,10.9,8.0,1,32.0,57,170
232,8.9,6.0,1,31.0,61,163
233,9.1,9.0,1,29.0,68,188
234,15.8,6.0,1,28.0,73,190
235,16.7,11.415652173913044,1,28.0,75,190
236,16.0,6.0,1,28.0,76,163
237,12.4,0.0,1,28.0,76,129
238,17.5,0.0,1,28.0,77,134
239,15.6,2.0,1,28.0,78,119
240,16.0,2.0,1,27.0,79,118
241,12.2,0.0,1,27.0,80,110
242,13.7,5.0,1,27.0,81,105
243,11.1,0.0,1,27.0,83,102
244,13.2,0.0,1,26.0,86,99
245,15.9,3.0,1,26.0,87,102
246,18.1,5.0,1,26.0,86,104
247,16.7,2.0,1,27.0,85,107
248,25.5,2.0,1,29.0,73,114
249,16.8,0.0,1,30.0,62,146
250,13.8,0.0,1,31.0,58,141
251,11.9,7.0,1,32.0,56,150
252,17.0,2.0,1,32.0,54,143
253,17.0,2.0,1,32.0,53,138
254,13.2,14.0,1,32.0,54,166
255,11.1,2.0,1,31.0,59,204
256,9.7,1.0,1,30.0,63,199
257,14.8,20.0,1,29.0,69,139
258,20.0,9.0,1,28.0,72,145
259,18.3,7.0,1,28.0,74,171
260,16.7,11.415652173913044,1,28.0,74,137
261,13.6,0.0,1,28.0,74,134
262,14.9,0.0,1,28.0,75,131
263,13.1,12.0,1,27.0,78,101
264,13.5,2.0,1,27.0,79,106
265,20.2,11.0,1,27.0,79,97
266,14.7,9.0,1,26.0,83,106
267,13.0,6.0,1,26.0,86,110
268,13.7,3.0,1,25.0,87,106
269,16.9,0.0,1,25.0,89,106
270,27.1,0.0,1,25.0,90,109
271,30.5,1.0,1,25.0,88,109
272,22.6,1.0,1,28.0,75,122
273,18.3,2.0,1,29.0,65,160
274,12.5,3.0,1,31.0,57,138
275,13.9,5.0,1,31.0,57,141
276,14.5,13.0,1,32.0,54,174
277,15.7,8.0,1,32.0,51,137
278,18.4,27.0,1,32.0,51,143
279,16.5,29.0,1,31.0,55,165
280,18.9,28.0,1,30.0,61,141
281,15.8,28.0,1,29.0,66,141
282,22.6,13.0,1,28.0,70,142
283,26.8,3.0,1,28.0,73,145
284,23.4,3.0,1,28.0,74,119
285,23.8,11.415652173913044,1,27.0,74,115
286,22.1,0.0,1,27.0,75,103
287,24.5,24.0,1,27.0,76,96
288,21.0,3.0,1,27.0,77,101
289,19.9,11.0,1,26.0,78,98
290,20.1,6.0,1,26.0,80,96
291,17.0,1.0,1,26.0,80,99
292,19.3,3.0,1,26.0,79,96
293,15.8,18.0,1,26.0,80,96
294,16.9,7.0,1,26.0,78,98
295,16.9,13.0,1,26.0,77,95
296,21.5,14.0,1,28.0,68,116
297,15.5,33.0,1,29.0,63,115
298,19.2,39.0,1,30.0,56,112
299,25.4,40.0,1,31.0,50,144
300,23.4,0.0,1,32.0,47,170
301,21.9,31.0,1,32.0,48,168
302,15.9,6.0,1,32.0,50,156
303,17.7,1.0,1,31.0,55,146
304,22.6,1.0,1,31.0,54,142
305,22.1,1.0,1,30.0,60,144
306,21.2,9.0,1,28.0,67,121
307,24.7,3.0,1,28.0,71,115
308,24.3,1.0,1,27.0,74,113
309,24.8,1.0,1,27.0,75,109
310,27.4,11.415652173913044,1,27.0,75,111
311,23.7,4.0,1,26.0,78,108
312,28.3,9.0,1,26.0,79,109
313,23.5,11.415652173913044,1,26.0,82,107
314,22.1,140.0,1,25.0,85,107
315,22.7,94.0,1,25.0,85,110
316,28.4,1.0,1,25.0,86,106
317,31.4,1.0,1,25.0,85,106
318,21.4,0.0,1,25.0,86,105
319,29.5,10.0,1,26.0,78,112
320,19.5,1.0,1,28.0,70,129
321,22.3,1.0,1,29.0,65,114
322,21.2,6.0,1,30.0,60,129
323,25.6,0.0,1,31.0,52,140
324,27.9,19.0,1,32.0,48,158
325,24.6,18.0,1,31.0,52,167
326,20.1,43.0,1,31.0,52,191
327,17.6904,37.0,1,31.0,51,158
328,17.6904,30.0,1,30.0,56,183
329,19.2,1.0,1,29.0,60,153
330,20.1,2.0,1,28.0,63,135
331,22.7,0.0,1,27.0,68,114
332,31.5,1.0,1,27.0,69,118
333,22.8,1.0,1,27.0,70,117
334,19.7,2.0,1,27.0,71,116
335,13.9,11.415652173913044,1,27.0,71,117
336,13.7,11.0,2,27.0,74,119
337,15.9,25.0,1,27.0,75,113
338,14.1,22.0,1,26.0,78,106
339,12.7,25.0,1,26.0,79,116
340,13.7,25.0,1,27.0,75,117
341,24.9,2.0,1,27.0,76,117
342,21.3,5.0,1,27.0,78,109
343,18.8,3.0,1,27.0,75,118
344,18.2,3.0,1,28.0,70,114
345,13.6,13.0,1,30.0,62,142
346,15.7,9.0,1,30.0,59,207
347,19.3,4.0,1,31.0,55,219
348,18.5,2.0,1,32.0,54,197
349,14.9,2.0,1,32.0,49,166
350,12.1,6.0,1,32.0,51,172
351,16.8,22.0,1,32.0,50,154
352,16.2,5.0,1,31.0,54,189
353,15.5,1.0,1,30.0,60,143
354,16.2,1.0,1,28.0,68,138
355,11.7,10.0,1,28.0,72,130
356,17.7,1.0,1,28.0,73,133
357,15.1,10.0,1,28.0,73,134
358,20.2,36.0,1,28.0,73,142
359,18.3,16.0,1,28.0,73,123
360,20.1,11.415652173913044,1,27.0,77,109
361,19.8,25.0,1,26.0,82,106
362,17.2,29.0,1,26.0,85,107
363,16.1,26.0,1,26.0,88,105
364,19.9,18.0,1,26.0,89,104
365,22.5,5.0,1,26.0,90,104
366,24.7,22.0,1,26.0,87,103
367,19.8,1.0,1,26.0,89,107
368,24.9,0.0,1,28.0,74,140
369,14.0,1.0,1,30.0,68,169
370,27.3,3.0,1,30.0,62,208
371,19.9,1.0,1,31.0,60,216
372,15.4,7.0,1,32.0,58,218
373,12.4,26.0,1,32.0,55,178
374,10.2,27.0,1,31.0,57,148
375,9.1,29.0,1,31.0,61,199
376,11.2,30.0,1,30.0,63,172
377,17.3,0.0,1,29.0,67,152
378,17.9,3.0,1,29.0,71,132
379,19.4,4.0,1,28.0,73,137
380,23.9,1.0,1,28.0,74,121
381,26.9,20.0,1,28.0,75,123
382,23.9,13.0,1,28.0,79,130
383,23.3,24.0,1,27.0,79,127
384,25.9,20.0,1,28.0,76,162
385,23.6,11.415652173913044,1,27.0,73,146
386,13.7,30.0,1,27.0,73,134
387,10.7,28.0,1,27.0,73,145
388,12.8,27.0,1,27.0,72,129
389,19.0,7.0,1,27.0,74,108
390,15.6,15.0,1,27.0,79,132
391,12.6,0.0,1,27.0,75,164
392,13.9,0.0,1,28.0,70,176
393,16.4,1.0,1,29.0,69,167
394,16.0,3.0,1,30.0,61,177
395,17.9,15.0,1,31.0,58,190
396,17.7,1.0,1,31.0,57,187
397,11.0,28.0,1,32.0,54,182
398,13.7,23.0,1,32.0,53,192
399,15.5,6.0,1,31.0,56,223
400,19.3,14.0,1,30.0,58,181
401,18.5,11.0,1,29.0,62,158
402,18.7,3.0,1,28.0,69,158
403,20.3,2.0,1,28.0,72,159
404,14.2,1.0,1,28.0,73,143
405,14.7,3.0,1,28.0,70,182
406,16.6,9.0,1,28.0,70,183
407,15.4,15.0,1,27.0,71,145
408,13.9,11.0,1,27.0,72,126
409,11.6,29.0,1,27.0,73,117
410,9.9,11.415652173913044,1,27.0,75,119
411,10.7,28.0,1,27.0,75,129
412,14.4,8.0,1,27.0,75,137
413,22.5,18.0,1,27.0,76,141
414,16.2,9.0,1,27.0,77,156
415,12.9,0.0,1,27.0,74,197
416,17.3,11.415652173913044,1,26.67025862068965,0,0
417,16.7,11.415652173913044,1,26.67025862068965,0,0
418,14.3,11.415652173913044,1,26.67025862068965,0,0
419,13.7,11.415652173913044,1,26.67025862068965,0,0
420,13.7,11.415652173913044,1,26.67025862068965,0,0
421,13.6,11.415652173913044,1,26.67025862068965,0,0
422,15.9,11.415652173913044,1,26.67025862068965,0,0
423,15.7,11.415652173913044,1,26.67025862068965,0,0
424,17.4,11.415652173913044,1,26.67025862068965,0,0
425,20.5,11.415652173913044,1,26.67025862068965,0,0
426,16.4,11.415652173913044,1,26.67025862068965,0,0
427,18.4,11.415652173913044,1,26.67025862068965,0,0
428,18.2,11.415652173913044,1,26.67025862068965,0,0
429,18.2,11.415652173913044,1,26.67025862068965,0,0
430,18.4,11.415652173913044,1,26.67025862068965,0,0
431,9.6,11.415652173913044,1,26.67025862068965,0,0
432,15.5,11.415652173913044,1,26.67025862068965,0,0
433,15.5,11.415652173913044,1,26.67025862068965,0,0
434,11.2,11.415652173913044,1,26.67025862068965,0,0
435,13.8,11.415652173913044,1,26.67025862068965,0,0
436,17.6,11.415652173913044,1,26.67025862068965,0,0
437,25.0,11.415652173913044,1,26.67025862068965,0,0
438,25.0,11.415652173913044,1,26.67025862068965,0,0
439,18.2,11.415652173913044,1,26.67025862068965,0,0
440,17.3,11.415652173913044,1,26.67025862068965,0,0
441,17.5,11.415652173913044,1,26.67025862068965,0,0
442,21.7,11.415652173913044,1,26.67025862068965,0,0
443,17.6,11.415652173913044,1,26.67025862068965,0,0
444,14.3,7.0,1,31.0,56,182
445,13.6,32.0,1,32.0,55,176
446,10.2,16.0,1,32.0,52,161
447,17.7,4.0,1,32.0,54,172
448,16.5,6.0,1,30.0,60,209
449,15.7,11.415652173913044,1,26.67025862068965,0,0
450,20.5,11.415652173913044,1,26.67025862068965,0,0
451,18.7,11.415652173913044,1,26.67025862068965,0,0
452,19.2,11.415652173913044,1,26.67025862068965,0,0
453,20.1,11.415652173913044,1,26.67025862068965,0,0
454,20.9,11.415652173913044,1,26.67025862068965,0,0
455,17.3,11.415652173913044,1,26.67025862068965,0,0
456,18.9,11.415652173913044,1,26.67025862068965,0,0
457,11.8,11.415652173913044,1,26.67025862068965,0,0
458,11.6,11.415652173913044,1,26.67025862068965,0,0
459,12.9,11.415652173913044,1,26.67025862068965,0,0
460,26.9,11.415652173913044,1,26.67025862068965,0,0
461,29.1,11.415652173913044,1,26.67025862068965,0,0
462,28.0,11.415652173913044,1,26.67025862068965,0,0
463,31.5,11.415652173913044,1,26.67025862068965,0,0
464,34.4,11.415652173913044,1,26.67025862068965,0,0
465,22.9,11.415652173913044,1,26.67025862068965,0,0
466,21.7,11.415652173913044,1,26.67025862068965,0,0
467,17.1,11.415652173913044,1,26.67025862068965,0,0
468,16.3,11.415652173913044,1,26.67025862068965,0,0
469,13.6,11.415652173913044,1,26.67025862068965,0,0
470,15.7,11.415652173913044,1,26.67025862068965,0,0
471,22.4,11.415652173913044,1,26.67025862068965,0,0
472,20.0,11.415652173913044,1,26.67025862068965,0,0
473,22.7,11.415652173913044,1,26.67025862068965,0,0
474,25.4,11.415652173913044,1,26.67025862068965,0,0
475,23.8,11.415652173913044,1,26.67025862068965,0,0
476,28.3,11.415652173913044,1,26.67025862068965,0,0
477,33.9,11.415652173913044,1,26.67025862068965,0,0
478,25.8,11.415652173913044,1,26.67025862068965,0,0
479,25.7,11.415652173913044,1,26.67025862068965,0,0
480,24.1,11.415652173913044,1,26.67025862068965,0,0
481,19.8,11.415652173913044,1,26.67025862068965,0,0
482,20.2,11.415652173913044,1,26.67025862068965,0,0
483,26.8,11.415652173913044,1,26.67025862068965,0,0
484,31.7,11.415652173913044,1,26.67025862068965,0,0
485,36.8,11.415652173913044,1,26.67025862068965,0,0
486,35.1,11.415652173913044,1,26.67025862068965,0,0
487,34.3,11.415652173913044,1,26.67025862068965,0,0
488,38.4,11.415652173913044,1,26.67025862068965,0,0
489,33.2,11.415652173913044,1,26.67025862068965,0,0
490,17.6904,11.415652173913044,1,26.67025862068965,0,0
491,25.6,11.415652173913044,1,26.67025862068965,0,0
492,23.6,11.415652173913044,1,26.67025862068965,0,0
493,14.1,11.415652173913044,1,26.67025862068965,0,0
494,24.3,11.415652173913044,1,26.67025862068965,0,0
495,23.1,11.415652173913044,1,26.67025862068965,0,0
496,27.8,11.415652173913044,1,26.67025862068965,0,0
497,22.9,11.415652173913044,1,26.67025862068965,0,0
498,26.3,11.415652173913044,1,26.67025862068965,0,0
499,21.5,11.415652173913044,1,26.67025862068965,0,0
500,20.4,11.415652173913044,1,26.67025862068965,0,0
501,25.1,11.415652173913044,1,26.67025862068965,0,0
502,26.4,11.415652173913044,1,26.67025862068965,0,0
503,25.1,11.415652173913044,1,26.67025862068965,0,0
504,21.3,11.415652173913044,1,26.67025862068965,0,0
505,20.4,11.415652173913044,1,26.67025862068965,0,0
506,23.0,11.415652173913044,1,26.67025862068965,0,0
507,28.7,11.415652173913044,1,26.67025862068965,0,0
508,28.9,11.415652173913044,1,26.67025862068965,0,0
509,23.0,11.415652173913044,1,26.67025862068965,0,0
510,21.2,11.415652173913044,1,26.67025862068965,0,0
511,22.8,7.0,1,26.0,85,104
512,22.0,17.0,1,28.0,77,98
513,28.1,26.0,1,28.0,75,93
514,22.5,24.0,1,29.0,73,115
515,21.9,16.0,1,26.0,84,92
516,13.5,18.0,1,28.0,75,92
517,12.3,23.0,1,29.0,69,107
518,10.8,26.0,1,30.0,65,128
519,7.9,24.0,1,30.0,64,140
520,8.1,21.0,1,29.0,67,132
521,9.5,20.0,1,29.0,70,124
522,11.3,19.0,1,28.0,71,119
523,9.3,16.0,1,27.0,78,110
524,8.1,13.0,1,27.0,81,110
525,9.9,9.0,1,26.0,84,109
526,12.3,13.0,2,26.0,86,115
527,16.4,17.0,1,25.0,87,111
528,9.8,16.0,1,25.0,92,109
529,12.2,3.0,1,25.0,93,109
530,13.2,2.0,1,25.0,93,105
531,9.7,2.0,1,25.0,93,126
532,12.0,1.0,1,24.0,90,120
533,10.9,5.0,1,23.0,80,119
534,11.4,0.0,1,23.0,84,106
535,10.2,11.415652173913044,1,25.0,81,95
536,7.3,11.0,1,28.0,65,93
537,7.2,0.0,1,29.0,61,125
538,6.9,2.0,1,30.0,61,99
539,9.5,0.0,1,30.0,59,126
540,12.4,1.0,1,30.0,62,113
541,14.4,5.0,1,30.0,63,111
542,13.0,3.0,1,30.0,64,150
543,16.4,1.0,1,30.0,61,133
544,7.6,0.0,1,29.0,63,147
545,14.8,2.0,1,29.0,69,123
546,12.3,0.0,1,28.0,74,123
547,14.2,2.0,1,28.0,77,108
548,13.5,2.0,1,28.0,73,135
549,17.6,11.415652173913044,1,26.67025862068965,0,0
550,16.1,17.0,1,27.0,77,119
551,11.3,2.0,1,27.0,78,117
552,12.7,15.0,1,27.0,79,95
553,10.2,0.0,1,27.0,79,102
554,13.9,1.0,1,27.0,80,101
555,15.9,1.0,1,27.0,81,95
556,13.6,0.0,1,27.0,81,106
557,13.7,0.0,1,27.0,82,111
558,14.4,0.0,1,27.0,82,115
559,13.5,11.0,1,27.0,82,114
560,15.4,11.415652173913044,1,27.0,79,111
561,14.3,7.0,1,28.0,76,109
562,14.2,10.0,1,30.0,68,111
563,13.6,24.0,1,30.0,64,150
564,12.8,23.0,1,30.0,60,134
565,18.3,23.0,1,30.0,63,151
566,15.8,0.0,1,28.0,80,123
567,15.5,1.0,1,29.0,73,128
568,16.7,9.0,1,28.0,74,154
569,15.5,2.0,1,27.0,79,119
570,14.3,1.0,1,27.0,79,126
571,14.7,0.0,1,27.0,80,126
572,15.0,3.0,1,27.0,81,136
573,15.7,17.0,1,27.0,83,127
574,10.9,24.0,1,26.0,85,128
575,8.4,26.0,1,26.0,87,130
576,9.3,27.0,1,26.0,86,114
577,11.2,27.0,1,26.0,84,120
578,19.2,15.0,1,26.0,84,132
579,13.0,10.0,1,26.0,85,115
580,12.3,11.415652173913044,1,26.0,85,165
581,12.3,0.0,1,26.0,85,129
582,13.5,0.0,1,26.0,86,163
583,11.8,20.0,1,26.0,87,191
584,7.5,5.0,1,25.0,89,173
585,10.0,11.415652173913044,1,26.0,90,189
586,10.1,12.0,1,27.0,87,214
587,9.4,0.0,1,28.0,80,171
588,8.4,1.0,1,28.0,79,192
589,16.2,2.0,1,28.0,80,155
590,17.7,4.0,1,27.0,81,234
591,20.6,8.0,1,28.0,75,220
592,14.9,17.0,1,27.0,79,172
593,12.4,26.0,1,27.0,78,169
594,9.6,31.0,1,27.0,82,195
595,8.9,19.0,1,27.0,79,168
596,18.2,29.0,1,26.0,83,171
597,17.2,31.0,1,26.0,82,183
598,15.8,34.0,1,27.0,80,136
599,14.0,33.0,1,27.0,76,197
600,16.2,26.0,1,27.0,75,137
601,14.0,24.0,1,27.0,75,156
602,10.2,34.0,1,27.0,78,152
603,12.5,34.0,1,26.0,86,136
604,9.9,21.0,1,26.0,83,169
605,7.7,16.0,1,26.0,80,150
606,12.6,11.0,1,27.0,79,108
607,13.5,23.0,1,27.0,78,101
608,9.0,30.0,1,28.0,73,91
609,15.8,31.0,1,29.0,70,188
610,20.3,11.415652173913044,1,30.0,67,225
611,14.9,29.0,1,31.0,62,216
612,15.5,13.0,1,31.0,61,232
613,17.4,25.0,1,30.0,65,223
614,17.7,29.0,1,30.0,66,206
615,17.9,25.0,1,29.0,69,222
616,20.1,9.0,2,28.0,77,234
617,16.1,30.0,1,27.0,80,208
618,15.7,31.0,1,27.0,79,180
619,17.0,30.0,1,27.0,78,193
620,22.6,31.0,1,27.0,77,191
621,24.2,32.0,1,27.0,76,179
622,23.3,33.0,1,27.0,77,172
623,16.9,36.0,1,27.0,77,184
624,22.9,35.0,1,27.0,77,157
625,19.5,33.0,1,27.0,78,156
626,14.9,34.0,1,27.0,77,127
627,17.8,34.0,1,26.0,78,124
628,15.1,32.0,1,26.0,79,111
629,19.1,28.0,1,26.0,80,107
630,20.3,27.0,1,26.0,80,113
631,18.5,31.0,1,27.0,77,123
632,14.4,28.0,1,28.0,68,150
633,14.5,26.0,1,29.0,63,201
634,18.8,12.0,1,29.0,65,190
635,13.8,11.415652173913044,1,31.0,56,233
636,14.0,31.0,1,31.0,59,191
637,18.4,30.0,1,31.0,58,159
638,21.1,30.0,1,30.0,63,173
639,20.2,30.0,1,30.0,65,176
640,16.1,30.0,1,29.0,65,192
641,14.3,37.0,1,28.0,72,207
642,15.5,36.0,1,27.0,74,227
643,12.1,30.0,1,27.0,75,201
644,13.3,30.0,1,27.0,77,182
645,16.7,29.0,1,27.0,76,173
646,17.0,31.0,1,27.0,75,172
647,13.1,32.0,1,27.0,76,122
648,11.8,31.0,1,26.0,78,108
649,14.4,32.0,1,26.0,78,110
650,24.2,33.0,1,26.0,78,102
651,21.0,34.0,1,26.0,78,111
652,18.0,35.0,1,26.0,78,141
653,13.6,33.0,1,26.0,78,134
654,17.6,31.0,1,26.0,76,119
655,12.2,33.0,1,26.0,74,104
656,13.9,32.0,1,28.0,70,106
657,22.1,34.0,1,29.0,66,192
658,17.3,35.0,1,29.0,64,191
659,13.8,35.0,1,30.0,60,232
660,12.4,11.415652173913044,1,31.0,57,199
661,18.5,33.0,1,31.0,57,210
662,14.6,32.0,1,31.0,58,210
663,13.1,31.0,1,31.0,57,165
664,18.8,33.0,1,30.0,60,198
665,18.9,33.0,1,29.0,66,205
666,20.8,33.0,1,28.0,70,219
667,20.9,32.0,1,27.0,73,188
668,21.6,32.0,1,27.0,74,155
669,18.3,33.0,1,27.0,75,170
670,21.6,33.0,1,27.0,74,145
671,14.2,33.0,1,27.0,74,120
672,10.8,33.0,1,27.0,75,114
673,12.1,31.0,1,26.0,77,109
674,21.6,31.0,1,26.0,77,106
675,20.0,32.0,1,26.0,77,107
676,19.7,33.0,1,26.0,77,119
677,15.6,33.0,1,25.0,83,131
678,16.2,31.0,1,25.0,87,113
679,10.5,30.0,1,26.0,82,128
680,15.8,29.0,1,27.0,77,116
681,12.1,33.0,1,28.0,72,193
682,14.7,34.0,1,30.0,65,218
683,16.2,33.0,1,30.0,61,227
684,16.9,34.0,1,31.0,59,202
685,15.6,11.415652173913044,1,31.0,56,205
686,19.6,7.0,1,31.0,55,202
687,21.4,23.0,1,31.0,57,194
688,16.1,2.0,1,30.0,58,188
689,25.1,0.0,1,29.0,61,142
690,20.1,3.0,1,28.0,70,152
691,18.0,4.0,1,27.0,73,202
692,20.3,11.0,1,27.0,73,149
693,23.5,13.0,1,27.0,73,134
694,17.9,15.0,1,27.0,74,123
695,10.5,32.0,1,27.0,79,127
696,12.2,33.0,1,26.0,82,172
697,11.8,17.0,1,26.0,80,175
698,18.0,1.0,1,25.0,85,134
699,9.6,11.0,1,25.0,82,167
700,12.5,8.0,1,26.0,81,103
701,12.5,0.0,1,26.0,82,108
702,10.4,1.0,1,26.0,83,121
703,18.7,13.0,1,26.0,81,125
704,17.5,0.0,1,28.0,74,120
705,17.2,3.0,1,29.0,67,167
706,12.7,20.0,1,30.0,60,148
707,14.9,30.0,1,31.0,56,193
708,15.3,31.0,1,32.0,52,198
709,18.9,19.0,1,32.0,52,166
710,15.8,11.415652173913044,1,32.0,50,188
711,17.4,14.0,1,32.0,52,184
712,16.3,0.0,1,31.0,55,139
713,21.5,1.0,1,29.0,61,130
714,16.4,6.0,1,28.0,67,131
715,24.0,2.0,1,28.0,71,120
716,21.0,4.0,1,27.0,72,120
717,22.1,14.0,1,27.0,73,121
718,14.7,26.0,1,27.0,75,117
719,14.3,28.0,1,27.0,76,118
720,18.0,25.0,1,26.0,78,113
721,18.7,6.0,1,26.0,79,107
722,23.7,17.0,1,26.0,78,108
723,17.1,1.0,1,26.0,79,114
724,14.8,9.0,1,26.0,82,112
725,19.8,0.0,1,26.0,85,108
726,15.8,1.0,1,25.0,88,107
727,21.7,2.0,1,26.0,86,108
728,21.2,1.0,1,28.0,75,110
729,16.1,1.0,1,29.0,68,127
730,15.0,0.0,1,30.0,59,164
731,13.3,2.0,1,31.0,58,164
732,14.0,14.0,1,31.0,55,189
733,17.4,0.0,1,31.0,54,184
734,16.3,16.0,1,31.0,54,161
735,12.9,11.415652173913044,1,31.0,54,180
736,8.2,26.0,1,31.0,56,153
737,12.6,3.0,1,29.0,65,153
738,14.5,18.0,1,28.0,71,150
739,14.7,6.0,1,28.0,75,117
740,20.0,14.0,1,27.0,76,119
741,18.7,17.0,1,27.0,77,118
742,16.7,0.0,1,27.0,81,108
743,24.3,0.0,1,26.0,81,111
744,19.6,1.0,1,26.0,82,110
745,19.2,12.0,1,26.0,85,108
746,19.0,9.0,1,26.0,86,106
747,17.8,1.0,1,25.0,88,111
748,13.8,0.0,1,25.0,89,116
749,19.7,0.0,1,25.0,89,114
750,18.0,0.0,1,25.0,89,105
751,23.9,2.0,1,26.0,85,105
752,29.9,1.0,1,28.0,78,111
753,23.5,2.0,1,29.0,70,121
754,19.5,1.0,1,30.0,61,142
755,17.8,1.0,1,31.0,57,171
756,18.9,1.0,1,32.0,53,160
757,17.5,9.0,1,32.0,52,171
758,17.9,16.0,1,32.0,51,164
759,16.7,5.0,1,31.0,52,167
760,13.1,11.415652173913044,1,31.0,54,166
761,17.8,20.0,1,29.0,62,135
762,13.0,18.0,1,28.0,68,126
763,22.5,0.0,1,28.0,73,117
764,21.9,1.0,1,27.0,75,113
765,22.3,10.0,1,27.0,77,111
766,20.7,1.0,1,27.0,80,113
767,25.6,0.0,1,26.0,83,109
768,30.9,0.0,1,26.0,84,109
769,25.9,1.0,1,26.0,86,108
770,27.4,4.0,1,25.0,86,107
771,18.4,0.0,1,25.0,89,105
772,25.1,0.0,1,25.0,89,105
773,29.3,0.0,1,24.0,91,103
774,30.1,0.0,1,24.0,91,104
775,29.6,1.0,1,25.0,90,105
776,32.4,5.0,1,27.0,81,109
777,31.8,0.0,1,29.0,68,113
778,19.3,0.0,1,31.0,59,127
779,15.8,0.0,1,32.0,54,169
780,18.4,1.0,1,32.0,52,191
781,16.5,3.0,1,32.0,52,172
782,15.0,5.0,1,32.0,50,141
783,13.6,1.0,1,32.0,52,168
784,14.4,2.0,1,31.0,57,153
785,10.7,11.415652173913044,1,30.0,64,158
786,11.9,15.0,1,29.0,70,116
787,16.7,13.0,1,28.0,74,122
788,16.7,0.0,1,27.0,77,116
789,23.6,7.0,1,27.0,79,116
790,17.3,0.0,1,27.0,80,110
791,19.4,1.0,1,27.0,81,110
792,17.2,0.0,1,26.0,82,109
793,18.6,1.0,1,26.0,84,108
794,22.2,0.0,1,26.0,85,107
795,21.9,9.0,1,26.0,80,117
796,17.3,15.0,1,26.0,79,116
797,16.1,15.0,1,26.0,78,114
798,14.6,2.0,1,25.0,87,107
799,25.8,1.0,1,26.0,87,108
800,33.8,1.0,1,28.0,74,111
801,20.5,1.0,1,29.0,66,124
802,12.5,1.0,1,30.0,61,134
803,18.8,0.0,1,32.0,55,138
804,12.9,1.0,1,32.0,52,164
805,11.3,2.0,1,32.0,51,148
806,12.0,15.0,1,33.0,50,149
807,19.2,3.0,1,32.0,52,167
808,14.1,17.0,1,31.0,57,186
809,11.9,0.0,1,30.0,65,188
810,13.1,11.415652173913044,1,28.0,70,182
811,20.9,3.0,1,28.0,72,140
812,20.2,1.0,1,28.0,74,119
813,16.8,4.0,1,27.0,76,112
814,15.5,1.0,1,27.0,77,111
815,10.5,1.0,1,27.0,78,107
816,12.7,0.0,1,27.0,79,108
817,13.0,6.0,1,27.0,80,106
818,9.9,11.0,1,27.0,78,100
819,13.2,0.0,1,26.0,81,96
820,14.2,13.0,1,26.0,84,100
821,15.7,2.0,1,25.0,89,107
822,23.3,2.0,1,25.0,89,103
823,24.0,3.0,1,25.0,87,107
824,29.4,12.0,1,28.0,73,110
825,19.3,1.0,1,30.0,63,95
826,16.4,1.0,1,31.0,58,109
827,17.4,0.0,1,33.0,54,121
828,17.2,0.0,2,33.0,52,122
829,15.4,25.0,2,33.0,54,137
830,17.6,1.0,3,33.0,55,140
831,20.5,2.0,3,32.0,55,145
832,20.7,24.0,2,31.0,57,140
833,25.7,2.0,2,30.0,63,138
834,21.7,28.0,1,29.0,68,128
835,22.7,11.415652173913044,1,28.0,72,128
836,26.5,28.0,1,28.0,75,112
837,22.9,0.0,1,27.0,78,111
838,29.1,0.0,1,27.0,78,107
839,27.4,0.0,1,27.0,77,108
840,22.2,7.0,1,27.0,79,106
841,28.9,1.0,1,26.0,84,102
842,36.0,5.0,1,26.0,85,99
843,31.0,9.0,1,25.0,86,102
844,27.9,12.0,1,25.0,88,100
845,31.2,14.0,1,25.0,89,102
846,30.2,14.0,1,25.0,89,101
847,33.8,0.0,1,25.0,89,113
848,39.3,9.0,1,27.0,81,106
849,43.4,0.0,1,29.0,72,116
850,26.9,3.0,1,30.0,62,124
851,25.3,0.0,2,32.0,59,124
852,26.8,1.0,2,33.0,53,130
853,22.0,2.0,1,33.0,49,139
854,21.4,26.0,1,33.0,47,159
855,24.6,26.0,1,33.0,49,147
856,22.5,9.0,1,32.0,53,134
857,25.3,33.0,1,31.0,58,149
858,15.0,25.0,1,29.0,63,123
859,19.5,0.0,1,28.0,71,113
860,17.4,11.415652173913044,1,28.0,74,109
861,16.3,6.0,1,28.0,76,112
862,16.0,1.0,1,27.0,78,111
863,17.4,1.0,1,27.0,78,114
864,17.6904,8.0,1,27.0,76,119
865,17.6904,0.0,1,27.0,77,103
866,19.8,0.0,1,26.0,83,101
867,23.1,0.0,1,26.0,85,103
868,20.7,2.0,1,25.0,87,104
869,24.0,0.0,1,25.0,89,106
870,23.4,1.0,1,25.0,89,106
871,26.3,0.0,1,25.0,89,107
872,31.0,1.0,1,26.0,85,111
873,32.9,10.0,2,28.0,77,120
874,26.2,10.0,2,30.0,68,126
875,20.3,4.0,2,31.0,63,126
876,19.5,5.0,2,32.0,55,131
877,13.5,18.0,1,33.0,50,159
878,12.9,5.0,1,33.0,50,173
879,11.1,12.0,1,33.0,50,148
880,17.6904,5.0,1,32.0,53,166
881,17.6904,4.0,2,31.0,57,128
882,12.5,3.0,1,30.0,63,125
883,13.9,0.0,1,29.0,71,115
884,20.0,0.0,1,28.0,75,113
885,19.3,11.415652173913044,1,28.0,77,111
886,17.7,8.0,1,28.0,79,112
887,18.8,1.0,1,28.0,80,107
888,17.1,2.0,1,28.0,80,105
889,13.3,5.0,1,27.0,83,105
890,18.8,2.0,1,26.0,86,103
891,22.5,6.0,1,26.0,85,94
892,18.2,2.0,1,26.0,86,95
893,27.0,1.0,1,26.0,88,101
894,31.5,0.0,1,25.0,89,99
895,24.8,0.0,1,26.0,85,100
896,28.4,0.0,1,28.0,74,119
897,22.3,11.0,1,30.0,65,122
898,22.5,0.0,1,31.0,57,120
899,20.3,8.0,2,33.0,49,136
900,16.9,11.0,1,33.0,45,165
901,16.7,25.0,1,33.0,45,160
902,14.9,25.0,1,33.0,44,137
903,20.5,21.0,1,33.0,46,153
904,15.6,0.0,1,32.0,48,175
905,18.5,4.0,2,30.0,58,134
906,20.0,7.0,2,29.0,67,126
907,23.1,0.0,1,29.0,71,115
908,20.3,1.0,1,28.0,71,109
909,21.1,0.0,1,28.0,72,111
910,20.9,11.415652173913044,1,27.0,75,111
911,20.4,12.0,1,27.0,77,110
912,20.8,1.0,1,27.0,79,105
913,17.0,8.0,1,27.0,81,100
914,16.2,4.0,1,26.0,82,95
915,25.8,4.0,1,26.0,85,96
916,27.2,2.0,1,26.0,85,94
917,31.1,0.0,1,25.0,86,100
918,29.7,1.0,1,25.0,87,100
919,27.8,0.0,1,26.0,87,107
920,37.5,0.0,1,28.0,75,102
921,34.1,1.0,1,30.0,63,102
922,22.6,1.0,1,32.0,55,118
923,18.8,10.0,2,33.0,52,123
924,15.3,19.0,1,34.0,44,141
925,13.9,20.0,1,34.0,46,163
926,11.4,20.0,1,33.0,46,152
927,14.8,4.0,2,33.0,46,149
928,15.2,13.0,2,32.0,52,137
929,14.1,3.0,2,31.0,59,141
930,18.2,7.0,1,29.0,67,137
931,15.7,0.0,1,29.0,72,119
932,16.4,1.0,1,28.0,74,114
933,18.1,0.0,1,28.0,76,112
934,18.9,3.0,1,28.0,77,109
935,24.4,11.415652173913044,1,28.0,77,107
936,20.9,10.0,1,27.0,76,103
937,13.3,2.0,1,27.0,81,101
938,18.8,3.0,1,27.0,83,104
939,18.1,6.0,1,27.0,83,101
940,24.1,1.0,1,26.0,84,103
941,28.6,2.0,1,26.0,87,105
942,31.8,0.0,1,26.0,87,100
943,27.5,0.0,1,26.0,83,103
944,31.5,1.0,1,29.0,72,115
945,20.7,5.0,1,30.0,67,123
946,24.7,6.0,1,31.0,63,133
947,28.8,0.0,1,32.0,56,136
948,27.4,3.0,1,33.0,51,137
949,28.6,26.0,1,33.0,50,170
950,28.5,17.0,1,33.0,50,200
951,28.4,11.0,1,33.0,49,166
952,17.6904,21.0,1,32.0,53,154
953,23.8,4.0,1,30.0,56,175
954,18.1,21.0,1,29.0,64,131
955,16.4,19.0,1,28.0,66,203
956,19.2,1.0,1,28.0,67,172
957,16.9,1.0,1,28.0,67,140
958,18.3,7.0,1,28.0,69,119
959,19.4,0.0,1,28.0,70,112
960,16.2,11.415652173913044,1,27.0,70,105
961,16.2,2.0,1,27.0,71,101
962,15.1,11.0,1,26.0,73,95
963,18.2,1.0,1,26.0,76,98
964,18.5,3.0,1,26.0,79,97
965,22.3,16.0,1,26.0,76,105
966,21.4,5.0,1,25.0,84,103
967,22.2,6.0,1,26.0,80,107
968,25.1,1.0,1,28.0,70,105
969,21.4,0.0,1,29.0,65,125
970,24.8,11.0,1,31.0,58,159
971,17.7,3.0,1,32.0,55,184
972,15.6,0.0,1,32.0,52,231
973,17.3,1.0,1,33.0,51,216
974,14.9,5.0,1,33.0,50,220
975,15.9,16.0,1,33.0,51,195
976,17.6,9.0,1,32.0,54,203
977,20.9,14.0,1,31.0,57,168
978,17.0,25.0,1,29.0,64,200
979,18.1,24.0,1,29.0,65,159
980,26.2,0.0,1,29.0,65,132
981,25.1,11.0,1,28.0,65,136
982,24.6,2.0,1,28.0,67,106
983,25.0,1.0,1,28.0,69,96
984,22.7,0.0,1,28.0,71,110
985,24.4,11.415652173913044,1,27.0,71,107
986,22.5,0.0,1,28.0,68,121
987,21.0,2.0,1,27.0,67,110
988,18.9,24.0,1,27.0,72,92
989,16.2,35.0,1,27.0,71,81
990,15.4,36.0,1,27.0,71,85
991,19.0,23.0,1,27.0,67,86
992,22.2,10.0,1,28.0,64,121
993,21.7,4.0,1,29.0,60,139
994,25.1,4.0,1,30.0,56,222
995,18.2,2.0,1,31.0,53,228
996,18.2,1.0,2,32.0,48,239
997,16.8,11.0,2,32.0,47,245
998,17.7,21.0,2,32.0,46,238
999,19.5,10.0,1,32.0,50,219
1000,21.5,34.0,1,31.0,52,235
1001,19.3,34.0,1,30.0,57,218
1002,17.2,34.0,1,29.0,62,171
1003,18.8,25.0,1,28.0,63,160
1004,17.6904,11.415652173913044,1,28.0,63,141
1005,17.6904,3.0,1,28.0,63,146
1006,20.2,2.0,1,28.0,64,128
1007,24.0,1.0,1,28.0,67,110
1008,20.7,23.0,1,27.0,68,112
1009,22.2,4.0,1,27.0,70,92
1010,22.6,11.415652173913044,1,27.0,70,88
1011,21.5,41.0,1,27.0,70,109
1012,18.7,41.0,1,27.0,71,93
1013,20.6,41.0,1,26.0,72,106
1014,21.4,28.0,1,26.0,72,103
1015,25.9,4.0,1,27.0,70,75
1016,27.8,2.0,1,28.0,69,101
1017,24.5,9.0,1,29.0,65,136
1018,19.3,2.0,1,30.0,56,230
1019,21.9,1.0,1,31.0,52,225
1020,22.8,16.0,1,32.0,49,225
1021,20.8,1.0,1,32.0,47,226
1022,19.3,1.0,2,32.0,48,241
1023,19.7,8.0,2,31.0,49,241
1024,17.1,15.0,1,31.0,52,205
1025,22.2,0.0,1,30.0,57,230
1026,20.7,30.0,1,28.0,63,198
1027,22.2,4.0,1,28.0,65,205
1028,20.5,14.0,1,28.0,67,193
1029,20.2,3.0,1,28.0,69,207
1030,21.1,4.0,1,27.0,70,170
1031,22.5,6.0,2,27.0,71,211
1032,25.1,16.0,1,27.0,72,215
1033,22.3,1.0,1,27.0,70,214
1034,16.2,16.0,1,27.0,67,201
1035,19.2,11.415652173913044,1,27.0,68,123
1036,16.5,40.0,1,27.0,73,104
1037,17.3,41.0,1,27.0,73,115
1038,20.0,39.0,1,26.0,75,115
1039,25.8,13.0,1,27.0,75,124
1040,22.2,4.0,1,28.0,70,105
1041,22.3,5.0,1,29.0,66,140
1042,18.0,2.0,1,30.0,60,148
1043,21.1,0.0,1,31.0,53,176
1044,21.2,23.0,1,32.0,51,209
1045,20.2,10.0,1,32.0,52,204
1046,19.0,8.0,1,32.0,52,196
1047,15.3,23.0,1,31.0,56,172
1048,18.0,33.0,1,30.0,58,210
1049,19.5,31.0,1,29.0,60,175
1050,20.6,12.0,1,29.0,65,158
1051,25.6,15.0,1,28.0,69,141
1052,19.2,14.0,1,28.0,70,131
1053,18.3,2.0,1,28.0,68,133
1054,17.2,3.0,1,28.0,70,134
1055,15.8,4.0,1,28.0,71,125
1056,18.7,24.0,1,28.0,71,125
1057,21.5,11.415652173913044,1,27.0,77,113
1058,15.2,139.0,1,26.0,84,116
1059,13.8,107.0,1,27.0,80,141
1060,13.3,11.415652173913044,1,26.0,83,123
1061,12.3,26.0,1,26.0,79,179
1062,15.2,18.0,1,26.0,82,132
1063,20.8,5.0,1,26.0,85,137
1064,16.3,0.0,1,27.0,85,131
1065,19.2,0.0,1,28.0,77,137
1066,18.3,3.0,1,30.0,66,219
1067,19.1,3.0,1,30.0,68,207
1068,17.8,2.0,1,32.0,59,228
1069,18.2,7.0,1,32.0,59,212
1070,17.8,23.0,1,32.0,59,189
1071,23.9,23.0,1,31.0,61,173
1072,15.6,24.0,1,30.0,63,216
1073,17.6,10.0,1,30.0,66,194
1074,19.6,4.0,1,29.0,71,204
1075,26.3,0.0,1,28.0,73,191
1076,23.1,4.0,1,28.0,74,187
1077,21.3,6.0,1,28.0,75,158
1078,20.9,6.0,1,28.0,74,134
1079,15.4,3.0,1,28.0,74,104
1080,15.9,3.0,1,27.0,77,121
1081,19.9,22.0,1,27.0,78,135
1082,18.3,23.0,1,27.0,78,157
1083,10.6,23.0,1,27.0,79,145
1084,13.3,23.0,1,27.0,80,143
1085,12.1,11.415652173913044,1,27.0,80,143
1086,18.9,22.0,1,27.0,81,122
1087,23.3,3.0,1,27.0,79,124
1088,23.3,4.0,1,29.0,70,148
1089,13.2,2.0,1,31.0,61,165
1090,22.4,2.0,1,31.0,57,224
1091,18.8,4.0,1,32.0,55,229
1092,18.2,20.0,1,32.0,51,253
1093,17.8,3.0,1,33.0,50,233
1094,18.6,8.0,1,33.0,51,217
1095,13.4,2.0,1,32.0,53,198
1096,15.8,5.0,1,32.0,56,189
1097,17.6,3.0,1,30.0,61,198
1098,16.1,2.0,1,29.0,66,207
1099,16.9,9.0,1,28.0,70,208
1100,19.3,2.0,1,28.0,71,202
1101,13.2,2.0,1,28.0,73,177
1102,23.3,0.0,1,28.0,73,120
1103,17.9,3.0,1,28.0,74,120
1104,22.7,8.0,1,28.0,73,113
1105,16.9,6.0,1,28.0,74,109
1106,17.7,0.0,1,27.0,75,115
1107,12.2,22.0,1,27.0,76,99
1108,13.9,22.0,1,27.0,78,105
1109,12.8,16.0,1,27.0,78,115
1110,19.9,11.415652173913044,1,27.0,79,99
1111,19.9,0.0,1,27.0,76,106
1112,20.4,17.0,1,29.0,70,108
1113,16.0,1.0,1,30.0,61,121
1114,19.2,9.0,1,31.0,54,152
1115,15.8,6.0,1,32.0,52,188
1116,16.2,4.0,1,32.0,50,222
1117,14.4,0.0,1,33.0,47,204
1118,18.2,2.0,1,33.0,47,147
1119,9.2,23.0,1,33.0,46,152
1120,17.1,2.0,1,32.0,52,192
1121,15.2,4.0,1,30.0,60,148
1122,20.3,7.0,1,29.0,67,138
1123,19.1,2.0,1,28.0,71,129
1124,19.6,0.0,1,28.0,71,124
1125,14.4,2.0,1,28.0,72,111
1126,15.4,2.0,1,28.0,73,113
1127,16.2,11.0,1,28.0,74,110
1128,17.8,18.0,1,27.0,75,111
1129,14.5,1.0,1,27.0,75,102
1130,14.7,17.0,1,27.0,77,95
1131,16.2,21.0,1,27.0,77,110
1132,17.1,21.0,1,26.0,78,117
1133,16.2,20.0,1,26.0,77,117
1134,21.0,2.0,1,26.0,78,113
1135,26.1,11.415652173913044,1,27.0,77,130
1136,19.2,17.0,1,28.0,71,115
1137,17.1,1.0,1,29.0,64,120
1138,22.4,0.0,1,30.0,57,147
1139,21.3,1.0,1,32.0,50,151
1140,23.2,20.0,1,32.0,46,160
1141,20.8,0.0,1,33.0,40,161
1142,15.6,25.0,1,33.0,42,159
1143,18.5,25.0,2,32.0,47,157
1144,21.0,25.0,1,32.0,50,152
1145,17.2,23.0,1,30.0,55,155
1146,15.3,21.0,1,29.0,64,180
1147,18.5,21.0,1,28.0,68,165
1148,19.2,22.0,1,28.0,70,137
1149,15.7,22.0,1,28.0,69,123
1150,22.6,18.0,1,28.0,69,112
1151,17.1,15.0,1,28.0,70,106
1152,17.1,13.0,1,27.0,71,103
1153,14.6,20.0,1,27.0,72,110
1154,16.3,20.0,1,27.0,75,107
1155,16.7,21.0,1,27.0,76,109
1156,14.6,20.0,1,27.0,75,112
1157,17.0,19.0,1,26.0,77,107
1158,23.8,19.0,1,26.0,76,112
1159,23.6,19.0,1,27.0,75,114
1160,22.2,11.415652173913044,1,29.0,68,120
1161,17.6904,24.0,1,30.0,61,121
1162,17.6904,23.0,1,31.0,57,126
1163,17.9,23.0,1,32.0,53,159
1164,18.6,23.0,1,32.0,54,202
1165,17.3,23.0,1,32.0,55,218
1166,17.2,22.0,1,32.0,58,199
1167,14.8,19.0,1,31.0,60,180
1168,16.0,19.0,1,30.0,65,160
1169,18.0,18.0,1,29.0,68,131
1170,21.0,18.0,1,29.0,69,120
1171,22.7,17.0,1,27.0,81,116
1172,21.5,12.0,1,27.0,86,111
1173,27.0,16.0,1,27.0,82,106
1174,24.7,28.0,1,28.0,78,105
1175,14.2,23.0,1,28.0,77,107
1176,14.4,18.0,1,28.0,76,108
1177,17.5,17.0,1,28.0,76,106
1178,14.0,18.0,1,28.0,76,104
1179,13.6,18.0,1,28.0,74,96
1180,14.4,17.0,1,27.0,78,94
1181,13.2,18.0,1,27.0,78,102
1182,13.5,15.0,1,27.0,78,102
1183,19.7,14.0,1,28.0,76,96
1184,19.0,18.0,1,29.0,71,112
1185,10.2,11.415652173913044,1,31.0,61,115
1186,13.5,22.0,1,31.0,57,136
1187,14.4,22.0,1,32.0,55,147
1188,14.7,24.0,2,32.0,55,139
1189,10.6,23.0,1,33.0,52,155
1190,11.9,20.0,1,33.0,57,169
1191,9.8,19.0,1,31.0,60,157
1192,8.5,18.0,1,31.0,60,177
1193,12.7,15.0,1,30.0,65,144
1194,14.1,18.0,1,29.0,69,126
1195,20.0,17.0,1,29.0,74,119
1196,18.8,17.0,1,28.0,77,110
1197,19.8,26.0,1,28.0,78,112
1198,23.5,26.0,1,28.0,78,115
1199,13.0,15.0,1,28.0,78,117
1200,11.3,15.0,1,28.0,78,111
1201,15.2,9.0,1,27.0,83,111
1202,19.2,7.0,1,27.0,85,107
1203,11.8,8.0,1,27.0,87,107
1204,14.3,7.0,1,27.0,87,107
1205,18.9,4.0,1,26.0,88,106
1206,26.2,3.0,1,26.0,89,106
1207,28.9,6.0,1,27.0,85,105
1208,31.4,18.0,1,29.0,69,112
1209,19.0,25.0,1,31.0,62,93
1210,15.7,11.415652173913044,1,32.0,56,104
1211,17.8,19.0,1,34.0,48,127
1212,14.5,19.0,1,34.0,47,167
1213,13.5,19.0,1,34.0,48,170
1214,9.8,19.0,1,34.0,46,151
1215,10.7,20.0,1,33.0,52,194
1216,14.7,18.0,1,32.0,59,175
1217,13.1,16.0,1,30.0,65,140
1218,19.0,17.0,1,29.0,70,129
1219,18.3,16.0,1,29.0,72,115
1220,13.1,18.0,2,29.0,73,116
1221,10.9,27.0,1,28.0,73,110
1222,10.3,27.0,1,28.0,75,108
1223,11.5,21.0,1,28.0,77,108
1224,12.6,13.0,1,28.0,80,106
1225,20.4,9.0,1,27.0,82,105
1226,19.8,9.0,1,27.0,84,105
1227,12.3,6.0,1,27.0,84,95
1228,13.9,5.0,1,26.0,87,109
1229,20.6,4.0,1,26.0,89,109
1230,25.7,2.0,1,26.0,89,112
1231,21.8,7.0,1,26.0,87,109
1232,24.0,16.0,1,28.0,72,108
1233,17.7,23.0,1,30.0,62,102
1234,12.8,31.0,1,32.0,54,118
1235,10.2,11.415652173913044,1,33.0,47,130
1236,9.2,22.0,1,34.0,45,127
1237,9.5,23.0,1,34.0,44,142
1238,8.4,28.0,2,34.0,43,147
1239,13.6,30.0,1,34.0,45,155
1240,17.9,28.0,1,33.0,52,174
1241,14.0,25.0,2,31.0,57,151
1242,16.1,22.0,1,30.0,66,138
1243,19.4,19.0,1,29.0,71,120
1244,14.4,20.0,1,28.0,73,116
1245,18.2,30.0,1,28.0,74,113
1246,16.4,29.0,1,28.0,75,109
1247,11.4,20.0,1,28.0,76,107
1248,17.5,19.0,1,28.0,76,106
1249,17.0,17.0,1,27.0,78,108
1250,15.6,14.0,1,27.0,81,106
1251,13.4,12.0,1,26.0,83,114
1252,11.8,7.0,1,26.0,86,109
1253,20.1,11.0,1,26.0,83,101
1254,20.5,3.0,1,26.0,85,105
1255,25.9,4.0,1,26.0,84,103
1256,25.4,21.0,1,29.0,69,118
1257,15.2,25.0,1,31.0,60,108
1258,12.9,27.0,1,31.0,56,134
1259,13.2,27.0,1,33.0,51,136
1260,10.0,11.415652173913044,1,33.0,48,138
1261,11.2,24.0,1,33.0,46,144
1262,8.5,24.0,1,33.0,45,170
1263,8.6,22.0,1,33.0,45,156
1264,7.9,22.0,2,33.0,49,138
1265,9.7,21.0,1,31.0,55,156
1266,10.3,20.0,1,29.0,64,157
1267,11.2,19.0,1,29.0,68,118
1268,12.0,21.0,2,28.0,69,118
1269,12.5,22.0,1,28.0,70,110
1270,9.8,28.0,1,28.0,72,109
1271,9.3,20.0,1,28.0,74,107
1272,10.5,15.0,1,27.0,76,106
1273,12.6,10.0,1,27.0,79,107
1274,16.2,10.0,1,26.0,82,106
1275,14.8,9.0,1,26.0,84,105
1276,16.9,8.0,1,26.0,85,105
1277,16.1,5.0,1,25.0,87,106
1278,21.7,2.0,1,25.0,88,105
1279,23.0,5.0,1,26.0,83,102
1280,17.6904,11.415652173913044,1,28.0,71,113
1281,17.6904,11.415652173913044,1,30.0,63,131
1282,12.1,11.415652173913044,1,31.0,56,159
1283,10.1,11.415652173913044,1,32.0,52,164
1284,7.3,11.415652173913044,1,32.0,50,171
1285,6.9,11.415652173913044,1,33.0,49,176
1286,5.3,11.415652173913044,1,33.0,48,175
1287,5.6,11.415652173913044,1,33.0,50,185
1288,8.6,11.415652173913044,1,32.0,52,192
1289,10.0,11.415652173913044,1,31.0,53,189
1290,12.1,11.415652173913044,1,30.0,62,136
1291,10.4,11.415652173913044,1,29.0,68,131
1292,15.6,11.415652173913044,1,28.0,71,112
1293,18.3,11.415652173913044,1,28.0,73,113
1294,12.4,11.415652173913044,1,28.0,75,111
1295,10.2,11.415652173913044,1,28.0,75,115
1296,12.6,11.415652173913044,1,27.0,76,109
1297,10.0,11.415652173913044,1,27.0,75,117
1298,11.4,11.415652173913044,1,27.0,73,119
1299,7.2,11.415652173913044,1,27.0,76,110
1300,8.8,11.415652173913044,1,27.0,77,106
1301,11.1,11.415652173913044,1,27.0,76,103
1302,18.9,11.415652173913044,1,26.0,78,103
1303,15.0,11.415652173913044,1,27.0,75,92
1304,10.3,11.415652173913044,1,29.0,67,115
1305,13.7,11.415652173913044,1,31.0,58,115
1306,11.7,11.415652173913044,1,31.0,54,125
1307,10.2,11.415652173913044,1,32.0,47,161
1308,8.2,11.415652173913044,1,33.0,47,139
1309,9.2,11.415652173913044,1,33.0,46,152
1310,6.8,11.415652173913044,1,33.0,48,149
1311,6.4,11.415652173913044,1,33.0,48,166
1312,12.4,11.415652173913044,1,32.0,51,159
1313,10.9,11.415652173913044,1,31.0,54,179
1314,14.0,11.415652173913044,1,30.0,61,190
1315,17.5,11.415652173913044,1,29.0,68,154
1316,16.1,11.415652173913044,2,28.0,69,132
1317,12.7,11.415652173913044,1,28.0,71,121
1318,11.1,11.415652173913044,2,28.0,74,118
1319,17.0,11.415652173913044,1,28.0,72,114
1320,13.3,11.415652173913044,1,28.0,72,123
1321,10.5,11.415652173913044,1,27.0,73,135
1322,10.8,11.415652173913044,1,27.0,74,144
1323,7.1,11.415652173913044,1,27.0,75,92
1324,10.0,11.415652173913044,1,26.0,77,97
1325,13.3,11.415652173913044,1,26.0,77,100
1326,16.3,11.415652173913044,1,26.0,78,97
1327,13.2,11.415652173913044,1,27.0,75,100
1328,13.7,11.415652173913044,1,29.0,65,92
1329,10.5,11.415652173913044,1,31.0,59,111
1330,12.4,11.415652173913044,1,32.0,54,135
1331,17.8,11.415652173913044,1,33.0,48,138
1332,15.7,11.415652173913044,1,34.0,44,185
1333,12.0,11.415652173913044,1,33.0,51,172
1334,13.6,11.415652173913044,1,33.0,52,159
1335,17.5,11.415652173913044,1,33.0,54,155
1336,20.0,11.415652173913044,2,32.0,58,153
1337,20.4,11.415652173913044,2,31.0,61,156
1338,22.6,11.415652173913044,1,29.0,67,144
1339,26.2,11.415652173913044,2,29.0,69,126
1340,25.4,11.415652173913044,1,29.0,72,185
1341,19.1,11.415652173913044,1,28.0,72,142
1342,21.2,11.415652173913044,1,28.0,68,140
1343,17.7,11.415652173913044,1,28.0,70,113
1344,18.1,11.415652173913044,1,28.0,72,120
1345,15.2,11.415652173913044,1,28.0,74,124
1346,14.8,11.415652173913044,1,27.0,74,125
1347,12.9,11.415652173913044,1,27.0,74,122
1348,17.3,11.415652173913044,1,27.0,75,123
1349,15.6,11.415652173913044,1,27.0,75,122
1350,27.4,11.415652173913044,1,27.0,76,115
1351,27.3,11.415652173913044,1,28.0,73,121
1352,19.2,11.415652173913044,1,29.0,68,117
1353,22.5,11.415652173913044,1,30.0,63,135
1354,22.4,11.415652173913044,1,32.0,55,200
1355,18.9,11.415652173913044,1,32.0,52,158
1356,20.0,11.415652173913044,1,33.0,49,221
1357,18.3,11.415652173913044,1,33.0,45,171
1358,17.8,11.415652173913044,1,33.0,47,201
1359,19.8,11.415652173913044,1,33.0,51,153
1360,18.3,11.415652173913044,1,32.0,54,163
1361,16.8,11.415652173913044,1,31.0,56,187
1362,22.9,11.415652173913044,1,30.0,63,158
1363,19.8,11.415652173913044,1,29.0,69,170
1364,20.2,11.415652173913044,1,29.0,72,191
1365,16.0,11.415652173913044,1,28.0,72,139
1366,18.7,11.415652173913044,1,28.0,72,119
1367,16.6,11.415652173913044,1,28.0,72,116
1368,14.1,11.415652173913044,1,28.0,72,102
1369,17.2,11.415652173913044,1,28.0,73,96
1370,11.5,11.415652173913044,1,28.0,74,114
1371,9.7,11.415652173913044,1,27.0,75,94
1372,12.4,11.415652173913044,1,27.0,77,95
1373,18.8,11.415652173913044,1,27.0,77,114
1374,24.7,11.415652173913044,1,27.0,77,103
1375,17.7,11.415652173913044,1,27.0,75,108
1376,20.6,11.415652173913044,1,29.0,67,96
1377,18.4,11.415652173913044,1,30.0,62,119
1378,17.6904,0.0,1,32.0,52,162
1379,17.6904,5.0,1,32.0,51,149
1380,15.3,13.0,1,33.0,49,188
1381,12.3,2.0,1,33.0,48,168
1382,10.2,21.0,1,33.0,49,186
1383,18.1,23.0,1,32.0,51,190
1384,13.5,0.0,1,32.0,56,181
1385,12.1,11.415652173913044,1,30.0,61,197
1386,15.3,3.0,1,29.0,66,178
1387,21.7,9.0,1,29.0,67,162
1388,17.5,1.0,1,29.0,68,134
1389,21.1,0.0,1,29.0,69,140
1390,23.2,0.0,1,29.0,70,111
1391,16.2,8.0,1,28.0,71,120
